2025-12-12 05:35:18,435 | INFO | currency | starting func get_currencies with args (['USD', 'EUR', 'GBP', 'JPY'],) {}
2025-12-12 05:35:19,108 | INFO | currency | successfully finished! result {'USD': 79.3398, 'EUR': 92.9384, 'GBP': 105.6885, 'JPY': 50.9241}
2025-12-12 05:43:27,008 | INFO | currency | starting func get_currencies with args (['USD', 'EUR', 'GBP', 'RUB'],) {}
2025-12-12 05:43:27,706 | ERROR | currency | ERROR: KeyError "Currency 'RUB' is missing in API response"
Traceback (most recent call last):
  File "c:\Users\mimiv\OneDrive\Dokumente\GitHub\labs-python\lab7\lab7.py", line 42, in wrapper
    result = func(*args, **kwargs)
             ^^^^^^^^^^^^^^^^^^^^^
  File "c:\Users\mimiv\OneDrive\Dokumente\GitHub\labs-python\lab7\lab7.py", line 94, in get_currencies
    raise KeyError(f"Currency {code!r} is missing in API response")
KeyError: "Currency 'RUB' is missing in API response"
2025-12-12 05:44:49,478 | INFO | currency | starting func get_currencies with args ([],) {}
2025-12-12 05:44:49,944 | INFO | currency | successfully finished! result {}
2025-12-12 05:48:14,093 | INFO | currency | starting func get_currencies with args ([],) {}
2025-12-12 05:48:14,560 | INFO | currency | successfully finished! result {}
2025-12-12 05:48:14,560 | INFO | currency | starting func get_currencies with args (['RUB', 'FAKECURRENCY'],) {}
2025-12-12 05:48:15,060 | ERROR | currency | ERROR: KeyError "Currency 'RUB' is missing in API response"
Traceback (most recent call last):
  File "c:\Users\mimiv\OneDrive\Dokumente\GitHub\labs-python\lab7\lab7.py", line 42, in wrapper
    result = func(*args, **kwargs)
             ^^^^^^^^^^^^^^^^^^^^^
  File "c:\Users\mimiv\OneDrive\Dokumente\GitHub\labs-python\lab7\lab7.py", line 94, in get_currencies
    raise KeyError(f"Currency {code!r} is missing in API response")
KeyError: "Currency 'RUB' is missing in API response"
2025-12-12 05:48:15,060 | INFO | currency | starting func get_currencies with args (['USD'],) {'url': 'https://thiswebsitedoesnotexist123456789.com'}
2025-12-12 05:48:15,126 | ERROR | currency | ERROR: ConnectionError API is unavailable at https://thiswebsitedoesnotexist123456789.com: HTTPSConnectionPool(host='thiswebsitedoesnotexist123456789.com', port=443): Max retries exceeded with url: / (Caused by NameResolutionError("<urllib3.connection.HTTPSConnection object at 0x0000013F72079C50>: Failed to resolve 'thiswebsitedoesnotexist123456789.com' ([Errno 11001] getaddrinfo failed)"))
Traceback (most recent call last):
  File "C:\Users\mimiv\OneDrive\Dokumente\GitHub\labs-python\.venv\Lib\site-packages\urllib3\connection.py", line 198, in _new_conn
    sock = connection.create_connection(
           ^^^^^^^^^^^^^^^^^^^^^^^^^^^^^
  File "C:\Users\mimiv\OneDrive\Dokumente\GitHub\labs-python\.venv\Lib\site-packages\urllib3\util\connection.py", line 60, in create_connection
    for res in socket.getaddrinfo(host, port, family, socket.SOCK_STREAM):
               ^^^^^^^^^^^^^^^^^^^^^^^^^^^^^^^^^^^^^^^^^^^^^^^^^^^^^^^^^^
  File "C:\Program Files\WindowsApps\PythonSoftwareFoundation.Python.3.11_3.11.2544.0_x64__qbz5n2kfra8p0\Lib\socket.py", line 962, in getaddrinfo
    for res in _socket.getaddrinfo(host, port, family, type, proto, flags):
               ^^^^^^^^^^^^^^^^^^^^^^^^^^^^^^^^^^^^^^^^^^^^^^^^^^^^^^^^^^^
socket.gaierror: [Errno 11001] getaddrinfo failed

The above exception was the direct cause of the following exception:

Traceback (most recent call last):
  File "C:\Users\mimiv\OneDrive\Dokumente\GitHub\labs-python\.venv\Lib\site-packages\urllib3\connectionpool.py", line 787, in urlopen
    response = self._make_request(
               ^^^^^^^^^^^^^^^^^^^
  File "C:\Users\mimiv\OneDrive\Dokumente\GitHub\labs-python\.venv\Lib\site-packages\urllib3\connectionpool.py", line 488, in _make_request
    raise new_e
  File "C:\Users\mimiv\OneDrive\Dokumente\GitHub\labs-python\.venv\Lib\site-packages\urllib3\connectionpool.py", line 464, in _make_request
    self._validate_conn(conn)
  File "C:\Users\mimiv\OneDrive\Dokumente\GitHub\labs-python\.venv\Lib\site-packages\urllib3\connectionpool.py", line 1093, in _validate_conn
    conn.connect()
  File "C:\Users\mimiv\OneDrive\Dokumente\GitHub\labs-python\.venv\Lib\site-packages\urllib3\connection.py", line 753, in connect
    self.sock = sock = self._new_conn()
                       ^^^^^^^^^^^^^^^^
  File "C:\Users\mimiv\OneDrive\Dokumente\GitHub\labs-python\.venv\Lib\site-packages\urllib3\connection.py", line 205, in _new_conn
    raise NameResolutionError(self.host, self, e) from e
urllib3.exceptions.NameResolutionError: <urllib3.connection.HTTPSConnection object at 0x0000013F72079C50>: Failed to resolve 'thiswebsitedoesnotexist123456789.com' ([Errno 11001] getaddrinfo failed)

The above exception was the direct cause of the following exception:

Traceback (most recent call last):
  File "C:\Users\mimiv\OneDrive\Dokumente\GitHub\labs-python\.venv\Lib\site-packages\requests\adapters.py", line 644, in send
    resp = conn.urlopen(
           ^^^^^^^^^^^^^
  File "C:\Users\mimiv\OneDrive\Dokumente\GitHub\labs-python\.venv\Lib\site-packages\urllib3\connectionpool.py", line 841, in urlopen
    retries = retries.increment(
              ^^^^^^^^^^^^^^^^^^
  File "C:\Users\mimiv\OneDrive\Dokumente\GitHub\labs-python\.venv\Lib\site-packages\urllib3\util\retry.py", line 519, in increment
    raise MaxRetryError(_pool, url, reason) from reason  # type: ignore[arg-type]
    ^^^^^^^^^^^^^^^^^^^^^^^^^^^^^^^^^^^^^^^^^^^^^^^^^^^
urllib3.exceptions.MaxRetryError: HTTPSConnectionPool(host='thiswebsitedoesnotexist123456789.com', port=443): Max retries exceeded with url: / (Caused by NameResolutionError("<urllib3.connection.HTTPSConnection object at 0x0000013F72079C50>: Failed to resolve 'thiswebsitedoesnotexist123456789.com' ([Errno 11001] getaddrinfo failed)"))

During handling of the above exception, another exception occurred:

Traceback (most recent call last):
  File "c:\Users\mimiv\OneDrive\Dokumente\GitHub\labs-python\lab7\lab7.py", line 76, in get_currencies
    response = requests.get(url)
               ^^^^^^^^^^^^^^^^^
  File "C:\Users\mimiv\OneDrive\Dokumente\GitHub\labs-python\.venv\Lib\site-packages\requests\api.py", line 73, in get
    return request("get", url, params=params, **kwargs)
           ^^^^^^^^^^^^^^^^^^^^^^^^^^^^^^^^^^^^^^^^^^^^
  File "C:\Users\mimiv\OneDrive\Dokumente\GitHub\labs-python\.venv\Lib\site-packages\requests\api.py", line 59, in request
    return session.request(method=method, url=url, **kwargs)
           ^^^^^^^^^^^^^^^^^^^^^^^^^^^^^^^^^^^^^^^^^^^^^^^^^
  File "C:\Users\mimiv\OneDrive\Dokumente\GitHub\labs-python\.venv\Lib\site-packages\requests\sessions.py", line 589, in request
    resp = self.send(prep, **send_kwargs)
           ^^^^^^^^^^^^^^^^^^^^^^^^^^^^^^
  File "C:\Users\mimiv\OneDrive\Dokumente\GitHub\labs-python\.venv\Lib\site-packages\requests\sessions.py", line 703, in send
    r = adapter.send(request, **kwargs)
        ^^^^^^^^^^^^^^^^^^^^^^^^^^^^^^^
  File "C:\Users\mimiv\OneDrive\Dokumente\GitHub\labs-python\.venv\Lib\site-packages\requests\adapters.py", line 677, in send
    raise ConnectionError(e, request=request)
requests.exceptions.ConnectionError: HTTPSConnectionPool(host='thiswebsitedoesnotexist123456789.com', port=443): Max retries exceeded with url: / (Caused by NameResolutionError("<urllib3.connection.HTTPSConnection object at 0x0000013F72079C50>: Failed to resolve 'thiswebsitedoesnotexist123456789.com' ([Errno 11001] getaddrinfo failed)"))

During handling of the above exception, another exception occurred:

Traceback (most recent call last):
  File "c:\Users\mimiv\OneDrive\Dokumente\GitHub\labs-python\lab7\lab7.py", line 42, in wrapper
    result = func(*args, **kwargs)
             ^^^^^^^^^^^^^^^^^^^^^
  File "c:\Users\mimiv\OneDrive\Dokumente\GitHub\labs-python\lab7\lab7.py", line 79, in get_currencies
    raise ConnectionError(f"API is unavailable at {url}: {e}")
ConnectionError: API is unavailable at https://thiswebsitedoesnotexist123456789.com: HTTPSConnectionPool(host='thiswebsitedoesnotexist123456789.com', port=443): Max retries exceeded with url: / (Caused by NameResolutionError("<urllib3.connection.HTTPSConnection object at 0x0000013F72079C50>: Failed to resolve 'thiswebsitedoesnotexist123456789.com' ([Errno 11001] getaddrinfo failed)"))
2025-12-12 05:48:49,281 | INFO | currency | starting func get_currencies with args (['USD', 'EUR', 'GBP', 'CNY'],) {}
2025-12-12 05:48:49,776 | INFO | currency | successfully finished! result {'USD': 79.3398, 'EUR': 92.9384, 'GBP': 105.6885, 'CNY': 11.1867}
2025-12-12 05:51:18,246 | INFO | currency | starting func get_currencies with args (['USD', 'EUR', 'NGN', 'CNY'],) {}
2025-12-12 05:51:18,858 | INFO | currency | successfully finished! result {'USD': 79.3398, 'EUR': 92.9384, 'NGN': 54.5147, 'CNY': 11.1867}
2025-12-12 05:51:58,524 | INFO | currency | starting func get_currencies with args ([],) {}
2025-12-12 05:51:58,993 | INFO | currency | successfully finished! result {}
2025-12-12 05:51:58,993 | INFO | currency | starting func get_currencies with args (['RUB', 'FAKECURRENCY'],) {}
2025-12-12 05:51:59,457 | ERROR | currency | ERROR: KeyError "Currency 'RUB' is missing in API response"
Traceback (most recent call last):
  File "c:\Users\mimiv\OneDrive\Dokumente\GitHub\labs-python\lab7\lab7.py", line 42, in wrapper
    result = func(*args, **kwargs)
             ^^^^^^^^^^^^^^^^^^^^^
  File "c:\Users\mimiv\OneDrive\Dokumente\GitHub\labs-python\lab7\lab7.py", line 94, in get_currencies
    raise KeyError(f"Currency {code!r} is missing in API response")
KeyError: "Currency 'RUB' is missing in API response"
2025-12-12 05:51:59,462 | INFO | currency | starting func get_currencies with args (['USD'],) {'url': 'https://thiswebsitedoesnotexist123456789.com'}
2025-12-12 05:51:59,498 | ERROR | currency | ERROR: ConnectionError API is unavailable at https://thiswebsitedoesnotexist123456789.com: HTTPSConnectionPool(host='thiswebsitedoesnotexist123456789.com', port=443): Max retries exceeded with url: / (Caused by NameResolutionError("<urllib3.connection.HTTPSConnection object at 0x000001AD103ADB10>: Failed to resolve 'thiswebsitedoesnotexist123456789.com' ([Errno 11001] getaddrinfo failed)"))
Traceback (most recent call last):
  File "C:\Users\mimiv\OneDrive\Dokumente\GitHub\labs-python\.venv\Lib\site-packages\urllib3\connection.py", line 198, in _new_conn
    sock = connection.create_connection(
           ^^^^^^^^^^^^^^^^^^^^^^^^^^^^^
  File "C:\Users\mimiv\OneDrive\Dokumente\GitHub\labs-python\.venv\Lib\site-packages\urllib3\util\connection.py", line 60, in create_connection
    for res in socket.getaddrinfo(host, port, family, socket.SOCK_STREAM):
               ^^^^^^^^^^^^^^^^^^^^^^^^^^^^^^^^^^^^^^^^^^^^^^^^^^^^^^^^^^
  File "C:\Program Files\WindowsApps\PythonSoftwareFoundation.Python.3.11_3.11.2544.0_x64__qbz5n2kfra8p0\Lib\socket.py", line 962, in getaddrinfo
    for res in _socket.getaddrinfo(host, port, family, type, proto, flags):
               ^^^^^^^^^^^^^^^^^^^^^^^^^^^^^^^^^^^^^^^^^^^^^^^^^^^^^^^^^^^
socket.gaierror: [Errno 11001] getaddrinfo failed

The above exception was the direct cause of the following exception:

Traceback (most recent call last):
  File "C:\Users\mimiv\OneDrive\Dokumente\GitHub\labs-python\.venv\Lib\site-packages\urllib3\connectionpool.py", line 787, in urlopen
    response = self._make_request(
               ^^^^^^^^^^^^^^^^^^^
  File "C:\Users\mimiv\OneDrive\Dokumente\GitHub\labs-python\.venv\Lib\site-packages\urllib3\connectionpool.py", line 488, in _make_request
    raise new_e
  File "C:\Users\mimiv\OneDrive\Dokumente\GitHub\labs-python\.venv\Lib\site-packages\urllib3\connectionpool.py", line 464, in _make_request
    self._validate_conn(conn)
  File "C:\Users\mimiv\OneDrive\Dokumente\GitHub\labs-python\.venv\Lib\site-packages\urllib3\connectionpool.py", line 1093, in _validate_conn
    conn.connect()
  File "C:\Users\mimiv\OneDrive\Dokumente\GitHub\labs-python\.venv\Lib\site-packages\urllib3\connection.py", line 753, in connect
    self.sock = sock = self._new_conn()
                       ^^^^^^^^^^^^^^^^
  File "C:\Users\mimiv\OneDrive\Dokumente\GitHub\labs-python\.venv\Lib\site-packages\urllib3\connection.py", line 205, in _new_conn
    raise NameResolutionError(self.host, self, e) from e
urllib3.exceptions.NameResolutionError: <urllib3.connection.HTTPSConnection object at 0x000001AD103ADB10>: Failed to resolve 'thiswebsitedoesnotexist123456789.com' ([Errno 11001] getaddrinfo failed)

The above exception was the direct cause of the following exception:

Traceback (most recent call last):
  File "C:\Users\mimiv\OneDrive\Dokumente\GitHub\labs-python\.venv\Lib\site-packages\requests\adapters.py", line 644, in send
    resp = conn.urlopen(
           ^^^^^^^^^^^^^
  File "C:\Users\mimiv\OneDrive\Dokumente\GitHub\labs-python\.venv\Lib\site-packages\urllib3\connectionpool.py", line 841, in urlopen
    retries = retries.increment(
              ^^^^^^^^^^^^^^^^^^
  File "C:\Users\mimiv\OneDrive\Dokumente\GitHub\labs-python\.venv\Lib\site-packages\urllib3\util\retry.py", line 519, in increment
    raise MaxRetryError(_pool, url, reason) from reason  # type: ignore[arg-type]
    ^^^^^^^^^^^^^^^^^^^^^^^^^^^^^^^^^^^^^^^^^^^^^^^^^^^
urllib3.exceptions.MaxRetryError: HTTPSConnectionPool(host='thiswebsitedoesnotexist123456789.com', port=443): Max retries exceeded with url: / (Caused by NameResolutionError("<urllib3.connection.HTTPSConnection object at 0x000001AD103ADB10>: Failed to resolve 'thiswebsitedoesnotexist123456789.com' ([Errno 11001] getaddrinfo failed)"))

During handling of the above exception, another exception occurred:

Traceback (most recent call last):
  File "c:\Users\mimiv\OneDrive\Dokumente\GitHub\labs-python\lab7\lab7.py", line 76, in get_currencies
    response = requests.get(url)
               ^^^^^^^^^^^^^^^^^
  File "C:\Users\mimiv\OneDrive\Dokumente\GitHub\labs-python\.venv\Lib\site-packages\requests\api.py", line 73, in get
    return request("get", url, params=params, **kwargs)
           ^^^^^^^^^^^^^^^^^^^^^^^^^^^^^^^^^^^^^^^^^^^^
  File "C:\Users\mimiv\OneDrive\Dokumente\GitHub\labs-python\.venv\Lib\site-packages\requests\api.py", line 59, in request
    return session.request(method=method, url=url, **kwargs)
           ^^^^^^^^^^^^^^^^^^^^^^^^^^^^^^^^^^^^^^^^^^^^^^^^^
  File "C:\Users\mimiv\OneDrive\Dokumente\GitHub\labs-python\.venv\Lib\site-packages\requests\sessions.py", line 589, in request
    resp = self.send(prep, **send_kwargs)
           ^^^^^^^^^^^^^^^^^^^^^^^^^^^^^^
  File "C:\Users\mimiv\OneDrive\Dokumente\GitHub\labs-python\.venv\Lib\site-packages\requests\sessions.py", line 703, in send
    r = adapter.send(request, **kwargs)
        ^^^^^^^^^^^^^^^^^^^^^^^^^^^^^^^
  File "C:\Users\mimiv\OneDrive\Dokumente\GitHub\labs-python\.venv\Lib\site-packages\requests\adapters.py", line 677, in send
    raise ConnectionError(e, request=request)
requests.exceptions.ConnectionError: HTTPSConnectionPool(host='thiswebsitedoesnotexist123456789.com', port=443): Max retries exceeded with url: / (Caused by NameResolutionError("<urllib3.connection.HTTPSConnection object at 0x000001AD103ADB10>: Failed to resolve 'thiswebsitedoesnotexist123456789.com' ([Errno 11001] getaddrinfo failed)"))

During handling of the above exception, another exception occurred:

Traceback (most recent call last):
  File "c:\Users\mimiv\OneDrive\Dokumente\GitHub\labs-python\lab7\lab7.py", line 42, in wrapper
    result = func(*args, **kwargs)
             ^^^^^^^^^^^^^^^^^^^^^
  File "c:\Users\mimiv\OneDrive\Dokumente\GitHub\labs-python\lab7\lab7.py", line 79, in get_currencies
    raise ConnectionError(f"API is unavailable at {url}: {e}")
ConnectionError: API is unavailable at https://thiswebsitedoesnotexist123456789.com: HTTPSConnectionPool(host='thiswebsitedoesnotexist123456789.com', port=443): Max retries exceeded with url: / (Caused by NameResolutionError("<urllib3.connection.HTTPSConnection object at 0x000001AD103ADB10>: Failed to resolve 'thiswebsitedoesnotexist123456789.com' ([Errno 11001] getaddrinfo failed)"))
2025-12-12 05:52:30,057 | INFO | currency | starting func get_currencies with args (['USD', 'EUR', 'NGN', 'CNY'],) {}
2025-12-12 05:52:30,570 | INFO | currency | successfully finished! result {'USD': 79.3398, 'EUR': 92.9384, 'NGN': 54.5147, 'CNY': 11.1867}
2025-12-12 05:52:30,570 | INFO | currency | starting func get_currencies with args (['USD', 'EUR'],) {}
2025-12-12 05:52:31,039 | INFO | currency | successfully finished! result {'USD': 79.3398, 'EUR': 92.9384}
2025-12-12 05:52:31,039 | INFO | currency | starting func get_currencies with args (['RUB', 'FAKECURRENCY'],) {}
2025-12-12 05:52:31,585 | ERROR | currency | ERROR: KeyError "Currency 'RUB' is missing in API response"
Traceback (most recent call last):
  File "c:\Users\mimiv\OneDrive\Dokumente\GitHub\labs-python\lab7\lab7.py", line 42, in wrapper
    result = func(*args, **kwargs)
             ^^^^^^^^^^^^^^^^^^^^^
  File "c:\Users\mimiv\OneDrive\Dokumente\GitHub\labs-python\lab7\lab7.py", line 94, in get_currencies
    raise KeyError(f"Currency {code!r} is missing in API response")
KeyError: "Currency 'RUB' is missing in API response"
2025-12-12 05:52:31,592 | INFO | currency | starting func get_currencies with args (['USD'],) {'url': 'https://thiswebsitedoesnotexist123456789.com'}
2025-12-12 05:52:31,630 | ERROR | currency | ERROR: ConnectionError API is unavailable at https://thiswebsitedoesnotexist123456789.com: HTTPSConnectionPool(host='thiswebsitedoesnotexist123456789.com', port=443): Max retries exceeded with url: / (Caused by NameResolutionError("<urllib3.connection.HTTPSConnection object at 0x00000177F349B610>: Failed to resolve 'thiswebsitedoesnotexist123456789.com' ([Errno 11001] getaddrinfo failed)"))
Traceback (most recent call last):
  File "C:\Users\mimiv\OneDrive\Dokumente\GitHub\labs-python\.venv\Lib\site-packages\urllib3\connection.py", line 198, in _new_conn
    sock = connection.create_connection(
           ^^^^^^^^^^^^^^^^^^^^^^^^^^^^^
  File "C:\Users\mimiv\OneDrive\Dokumente\GitHub\labs-python\.venv\Lib\site-packages\urllib3\util\connection.py", line 60, in create_connection
    for res in socket.getaddrinfo(host, port, family, socket.SOCK_STREAM):
               ^^^^^^^^^^^^^^^^^^^^^^^^^^^^^^^^^^^^^^^^^^^^^^^^^^^^^^^^^^
  File "C:\Program Files\WindowsApps\PythonSoftwareFoundation.Python.3.11_3.11.2544.0_x64__qbz5n2kfra8p0\Lib\socket.py", line 962, in getaddrinfo
    for res in _socket.getaddrinfo(host, port, family, type, proto, flags):
               ^^^^^^^^^^^^^^^^^^^^^^^^^^^^^^^^^^^^^^^^^^^^^^^^^^^^^^^^^^^
socket.gaierror: [Errno 11001] getaddrinfo failed

The above exception was the direct cause of the following exception:

Traceback (most recent call last):
  File "C:\Users\mimiv\OneDrive\Dokumente\GitHub\labs-python\.venv\Lib\site-packages\urllib3\connectionpool.py", line 787, in urlopen
    response = self._make_request(
               ^^^^^^^^^^^^^^^^^^^
  File "C:\Users\mimiv\OneDrive\Dokumente\GitHub\labs-python\.venv\Lib\site-packages\urllib3\connectionpool.py", line 488, in _make_request
    raise new_e
  File "C:\Users\mimiv\OneDrive\Dokumente\GitHub\labs-python\.venv\Lib\site-packages\urllib3\connectionpool.py", line 464, in _make_request
    self._validate_conn(conn)
  File "C:\Users\mimiv\OneDrive\Dokumente\GitHub\labs-python\.venv\Lib\site-packages\urllib3\connectionpool.py", line 1093, in _validate_conn
    conn.connect()
  File "C:\Users\mimiv\OneDrive\Dokumente\GitHub\labs-python\.venv\Lib\site-packages\urllib3\connection.py", line 753, in connect
    self.sock = sock = self._new_conn()
                       ^^^^^^^^^^^^^^^^
  File "C:\Users\mimiv\OneDrive\Dokumente\GitHub\labs-python\.venv\Lib\site-packages\urllib3\connection.py", line 205, in _new_conn
    raise NameResolutionError(self.host, self, e) from e
urllib3.exceptions.NameResolutionError: <urllib3.connection.HTTPSConnection object at 0x00000177F349B610>: Failed to resolve 'thiswebsitedoesnotexist123456789.com' ([Errno 11001] getaddrinfo failed)

The above exception was the direct cause of the following exception:

Traceback (most recent call last):
  File "C:\Users\mimiv\OneDrive\Dokumente\GitHub\labs-python\.venv\Lib\site-packages\requests\adapters.py", line 644, in send
    resp = conn.urlopen(
           ^^^^^^^^^^^^^
  File "C:\Users\mimiv\OneDrive\Dokumente\GitHub\labs-python\.venv\Lib\site-packages\urllib3\connectionpool.py", line 841, in urlopen
    retries = retries.increment(
              ^^^^^^^^^^^^^^^^^^
  File "C:\Users\mimiv\OneDrive\Dokumente\GitHub\labs-python\.venv\Lib\site-packages\urllib3\util\retry.py", line 519, in increment
    raise MaxRetryError(_pool, url, reason) from reason  # type: ignore[arg-type]
    ^^^^^^^^^^^^^^^^^^^^^^^^^^^^^^^^^^^^^^^^^^^^^^^^^^^
urllib3.exceptions.MaxRetryError: HTTPSConnectionPool(host='thiswebsitedoesnotexist123456789.com', port=443): Max retries exceeded with url: / (Caused by NameResolutionError("<urllib3.connection.HTTPSConnection object at 0x00000177F349B610>: Failed to resolve 'thiswebsitedoesnotexist123456789.com' ([Errno 11001] getaddrinfo failed)"))

During handling of the above exception, another exception occurred:

Traceback (most recent call last):
  File "c:\Users\mimiv\OneDrive\Dokumente\GitHub\labs-python\lab7\lab7.py", line 76, in get_currencies
    response = requests.get(url)
               ^^^^^^^^^^^^^^^^^
  File "C:\Users\mimiv\OneDrive\Dokumente\GitHub\labs-python\.venv\Lib\site-packages\requests\api.py", line 73, in get
    return request("get", url, params=params, **kwargs)
           ^^^^^^^^^^^^^^^^^^^^^^^^^^^^^^^^^^^^^^^^^^^^
  File "C:\Users\mimiv\OneDrive\Dokumente\GitHub\labs-python\.venv\Lib\site-packages\requests\api.py", line 59, in request
    return session.request(method=method, url=url, **kwargs)
           ^^^^^^^^^^^^^^^^^^^^^^^^^^^^^^^^^^^^^^^^^^^^^^^^^
  File "C:\Users\mimiv\OneDrive\Dokumente\GitHub\labs-python\.venv\Lib\site-packages\requests\sessions.py", line 589, in request
    resp = self.send(prep, **send_kwargs)
           ^^^^^^^^^^^^^^^^^^^^^^^^^^^^^^
  File "C:\Users\mimiv\OneDrive\Dokumente\GitHub\labs-python\.venv\Lib\site-packages\requests\sessions.py", line 703, in send
    r = adapter.send(request, **kwargs)
        ^^^^^^^^^^^^^^^^^^^^^^^^^^^^^^^
  File "C:\Users\mimiv\OneDrive\Dokumente\GitHub\labs-python\.venv\Lib\site-packages\requests\adapters.py", line 677, in send
    raise ConnectionError(e, request=request)
requests.exceptions.ConnectionError: HTTPSConnectionPool(host='thiswebsitedoesnotexist123456789.com', port=443): Max retries exceeded with url: / (Caused by NameResolutionError("<urllib3.connection.HTTPSConnection object at 0x00000177F349B610>: Failed to resolve 'thiswebsitedoesnotexist123456789.com' ([Errno 11001] getaddrinfo failed)"))

During handling of the above exception, another exception occurred:

Traceback (most recent call last):
  File "c:\Users\mimiv\OneDrive\Dokumente\GitHub\labs-python\lab7\lab7.py", line 42, in wrapper
    result = func(*args, **kwargs)
             ^^^^^^^^^^^^^^^^^^^^^
  File "c:\Users\mimiv\OneDrive\Dokumente\GitHub\labs-python\lab7\lab7.py", line 79, in get_currencies
    raise ConnectionError(f"API is unavailable at {url}: {e}")
ConnectionError: API is unavailable at https://thiswebsitedoesnotexist123456789.com: HTTPSConnectionPool(host='thiswebsitedoesnotexist123456789.com', port=443): Max retries exceeded with url: / (Caused by NameResolutionError("<urllib3.connection.HTTPSConnection object at 0x00000177F349B610>: Failed to resolve 'thiswebsitedoesnotexist123456789.com' ([Errno 11001] getaddrinfo failed)"))
2025-12-12 05:55:47,756 | INFO | currency | starting func get_currencies with args (['USD', 'EUR', 'NGN', 'CNY'],) {}
2025-12-12 05:55:48,234 | INFO | currency | successfully finished! result {'USD': 79.3398, 'EUR': 92.9384, 'NGN': 54.5147, 'CNY': 11.1867}
2025-12-12 05:55:48,234 | INFO | currency | starting func get_currencies with args (['USD', 'EUR'],) {}
2025-12-12 05:55:48,727 | INFO | currency | successfully finished! result {'USD': 79.3398, 'EUR': 92.9384}
2025-12-12 05:55:48,732 | INFO | currency | starting func get_currencies with args (['RUB', 'FAKECURRENCY'],) {}
2025-12-12 05:55:49,183 | ERROR | currency | ERROR: KeyError "Currency 'RUB' is missing in API response"
Traceback (most recent call last):
  File "c:\Users\mimiv\OneDrive\Dokumente\GitHub\labs-python\lab7\lab7.py", line 42, in wrapper
    result = func(*args, **kwargs)
             ^^^^^^^^^^^^^^^^^^^^^
  File "c:\Users\mimiv\OneDrive\Dokumente\GitHub\labs-python\lab7\lab7.py", line 94, in get_currencies
    raise KeyError(f"Currency {code!r} is missing in API response")
KeyError: "Currency 'RUB' is missing in API response"
2025-12-12 05:55:49,186 | INFO | currency | starting func get_currencies with args (['USD'],) {'url': 'https://thiswebsitedoesnotexist123456789.com'}
2025-12-12 05:55:49,226 | ERROR | currency | ERROR: ConnectionError API is unavailable at https://thiswebsitedoesnotexist123456789.com: HTTPSConnectionPool(host='thiswebsitedoesnotexist123456789.com', port=443): Max retries exceeded with url: / (Caused by NameResolutionError("<urllib3.connection.HTTPSConnection object at 0x0000021FA2E7B610>: Failed to resolve 'thiswebsitedoesnotexist123456789.com' ([Errno 11001] getaddrinfo failed)"))
Traceback (most recent call last):
  File "C:\Users\mimiv\OneDrive\Dokumente\GitHub\labs-python\.venv\Lib\site-packages\urllib3\connection.py", line 198, in _new_conn
    sock = connection.create_connection(
           ^^^^^^^^^^^^^^^^^^^^^^^^^^^^^
  File "C:\Users\mimiv\OneDrive\Dokumente\GitHub\labs-python\.venv\Lib\site-packages\urllib3\util\connection.py", line 60, in create_connection
    for res in socket.getaddrinfo(host, port, family, socket.SOCK_STREAM):
               ^^^^^^^^^^^^^^^^^^^^^^^^^^^^^^^^^^^^^^^^^^^^^^^^^^^^^^^^^^
  File "C:\Program Files\WindowsApps\PythonSoftwareFoundation.Python.3.11_3.11.2544.0_x64__qbz5n2kfra8p0\Lib\socket.py", line 962, in getaddrinfo
    for res in _socket.getaddrinfo(host, port, family, type, proto, flags):
               ^^^^^^^^^^^^^^^^^^^^^^^^^^^^^^^^^^^^^^^^^^^^^^^^^^^^^^^^^^^
socket.gaierror: [Errno 11001] getaddrinfo failed

The above exception was the direct cause of the following exception:

Traceback (most recent call last):
  File "C:\Users\mimiv\OneDrive\Dokumente\GitHub\labs-python\.venv\Lib\site-packages\urllib3\connectionpool.py", line 787, in urlopen
    response = self._make_request(
               ^^^^^^^^^^^^^^^^^^^
  File "C:\Users\mimiv\OneDrive\Dokumente\GitHub\labs-python\.venv\Lib\site-packages\urllib3\connectionpool.py", line 488, in _make_request
    raise new_e
  File "C:\Users\mimiv\OneDrive\Dokumente\GitHub\labs-python\.venv\Lib\site-packages\urllib3\connectionpool.py", line 464, in _make_request
    self._validate_conn(conn)
  File "C:\Users\mimiv\OneDrive\Dokumente\GitHub\labs-python\.venv\Lib\site-packages\urllib3\connectionpool.py", line 1093, in _validate_conn
    conn.connect()
  File "C:\Users\mimiv\OneDrive\Dokumente\GitHub\labs-python\.venv\Lib\site-packages\urllib3\connection.py", line 753, in connect
    self.sock = sock = self._new_conn()
                       ^^^^^^^^^^^^^^^^
  File "C:\Users\mimiv\OneDrive\Dokumente\GitHub\labs-python\.venv\Lib\site-packages\urllib3\connection.py", line 205, in _new_conn
    raise NameResolutionError(self.host, self, e) from e
urllib3.exceptions.NameResolutionError: <urllib3.connection.HTTPSConnection object at 0x0000021FA2E7B610>: Failed to resolve 'thiswebsitedoesnotexist123456789.com' ([Errno 11001] getaddrinfo failed)

The above exception was the direct cause of the following exception:

Traceback (most recent call last):
  File "C:\Users\mimiv\OneDrive\Dokumente\GitHub\labs-python\.venv\Lib\site-packages\requests\adapters.py", line 644, in send
    resp = conn.urlopen(
           ^^^^^^^^^^^^^
  File "C:\Users\mimiv\OneDrive\Dokumente\GitHub\labs-python\.venv\Lib\site-packages\urllib3\connectionpool.py", line 841, in urlopen
    retries = retries.increment(
              ^^^^^^^^^^^^^^^^^^
  File "C:\Users\mimiv\OneDrive\Dokumente\GitHub\labs-python\.venv\Lib\site-packages\urllib3\util\retry.py", line 519, in increment
    raise MaxRetryError(_pool, url, reason) from reason  # type: ignore[arg-type]
    ^^^^^^^^^^^^^^^^^^^^^^^^^^^^^^^^^^^^^^^^^^^^^^^^^^^
urllib3.exceptions.MaxRetryError: HTTPSConnectionPool(host='thiswebsitedoesnotexist123456789.com', port=443): Max retries exceeded with url: / (Caused by NameResolutionError("<urllib3.connection.HTTPSConnection object at 0x0000021FA2E7B610>: Failed to resolve 'thiswebsitedoesnotexist123456789.com' ([Errno 11001] getaddrinfo failed)"))

During handling of the above exception, another exception occurred:

Traceback (most recent call last):
  File "c:\Users\mimiv\OneDrive\Dokumente\GitHub\labs-python\lab7\lab7.py", line 76, in get_currencies
    response = requests.get(url)
               ^^^^^^^^^^^^^^^^^
  File "C:\Users\mimiv\OneDrive\Dokumente\GitHub\labs-python\.venv\Lib\site-packages\requests\api.py", line 73, in get
    return request("get", url, params=params, **kwargs)
           ^^^^^^^^^^^^^^^^^^^^^^^^^^^^^^^^^^^^^^^^^^^^
  File "C:\Users\mimiv\OneDrive\Dokumente\GitHub\labs-python\.venv\Lib\site-packages\requests\api.py", line 59, in request
    return session.request(method=method, url=url, **kwargs)
           ^^^^^^^^^^^^^^^^^^^^^^^^^^^^^^^^^^^^^^^^^^^^^^^^^
  File "C:\Users\mimiv\OneDrive\Dokumente\GitHub\labs-python\.venv\Lib\site-packages\requests\sessions.py", line 589, in request
    resp = self.send(prep, **send_kwargs)
           ^^^^^^^^^^^^^^^^^^^^^^^^^^^^^^
  File "C:\Users\mimiv\OneDrive\Dokumente\GitHub\labs-python\.venv\Lib\site-packages\requests\sessions.py", line 703, in send
    r = adapter.send(request, **kwargs)
        ^^^^^^^^^^^^^^^^^^^^^^^^^^^^^^^
  File "C:\Users\mimiv\OneDrive\Dokumente\GitHub\labs-python\.venv\Lib\site-packages\requests\adapters.py", line 677, in send
    raise ConnectionError(e, request=request)
requests.exceptions.ConnectionError: HTTPSConnectionPool(host='thiswebsitedoesnotexist123456789.com', port=443): Max retries exceeded with url: / (Caused by NameResolutionError("<urllib3.connection.HTTPSConnection object at 0x0000021FA2E7B610>: Failed to resolve 'thiswebsitedoesnotexist123456789.com' ([Errno 11001] getaddrinfo failed)"))

During handling of the above exception, another exception occurred:

Traceback (most recent call last):
  File "c:\Users\mimiv\OneDrive\Dokumente\GitHub\labs-python\lab7\lab7.py", line 42, in wrapper
    result = func(*args, **kwargs)
             ^^^^^^^^^^^^^^^^^^^^^
  File "c:\Users\mimiv\OneDrive\Dokumente\GitHub\labs-python\lab7\lab7.py", line 79, in get_currencies
    raise ConnectionError(f"API is unavailable at {url}: {e}")
ConnectionError: API is unavailable at https://thiswebsitedoesnotexist123456789.com: HTTPSConnectionPool(host='thiswebsitedoesnotexist123456789.com', port=443): Max retries exceeded with url: / (Caused by NameResolutionError("<urllib3.connection.HTTPSConnection object at 0x0000021FA2E7B610>: Failed to resolve 'thiswebsitedoesnotexist123456789.com' ([Errno 11001] getaddrinfo failed)"))
2025-12-12 06:02:39,659 | INFO | currency | starting func get_currencies with args (['USD', 'EUR', 'NGN', 'CNY'],) {}
2025-12-12 06:02:40,198 | INFO | currency | successfully finished! result {'USD': 79.3398, 'EUR': 92.9384, 'NGN': 54.5147, 'CNY': 11.1867}
2025-12-12 06:02:40,198 | INFO | currency | starting func get_currencies with args (['USD', 'EUR'],) {}
2025-12-12 06:02:40,673 | INFO | currency | successfully finished! result {'USD': 79.3398, 'EUR': 92.9384}
2025-12-12 06:02:40,673 | INFO | currency | starting func get_currencies with args (['USD', 'EUR'],) {}
2025-12-12 06:02:41,219 | INFO | currency | successfully finished! result {'USD': 79.3398, 'EUR': 92.9384}
2025-12-12 06:02:41,219 | INFO | currency | starting func get_currencies with args (['USD', 'EUR'],) {}
2025-12-12 06:02:41,764 | INFO | currency | successfully finished! result {'USD': 79.3398, 'EUR': 92.9384}
2025-12-12 06:02:41,764 | INFO | currency | starting func get_currencies with args (['RUB', 'FAKECURRENCY'],) {}
2025-12-12 06:02:42,322 | ERROR | currency | ERROR: KeyError "Currency 'RUB' is missing in API response"
Traceback (most recent call last):
  File "c:\Users\mimiv\OneDrive\Dokumente\GitHub\labs-python\lab7\lab7.py", line 42, in wrapper
    result = func(*args, **kwargs)
             ^^^^^^^^^^^^^^^^^^^^^
  File "c:\Users\mimiv\OneDrive\Dokumente\GitHub\labs-python\lab7\lab7.py", line 94, in get_currencies
    raise KeyError(f"Currency {code!r} is missing in API response")
KeyError: "Currency 'RUB' is missing in API response"
2025-12-12 06:02:42,322 | INFO | currency | starting func get_currencies with args (['USD'],) {'url': 'https://thiswebsitedoesnotexist123456789.com'}
2025-12-12 06:02:42,407 | ERROR | currency | ERROR: ConnectionError API is unavailable at https://thiswebsitedoesnotexist123456789.com: HTTPSConnectionPool(host='thiswebsitedoesnotexist123456789.com', port=443): Max retries exceeded with url: / (Caused by NameResolutionError("<urllib3.connection.HTTPSConnection object at 0x0000013E2F07AB90>: Failed to resolve 'thiswebsitedoesnotexist123456789.com' ([Errno 11001] getaddrinfo failed)"))
Traceback (most recent call last):
  File "C:\Users\mimiv\OneDrive\Dokumente\GitHub\labs-python\.venv\Lib\site-packages\urllib3\connection.py", line 198, in _new_conn
    sock = connection.create_connection(
           ^^^^^^^^^^^^^^^^^^^^^^^^^^^^^
  File "C:\Users\mimiv\OneDrive\Dokumente\GitHub\labs-python\.venv\Lib\site-packages\urllib3\util\connection.py", line 60, in create_connection
    for res in socket.getaddrinfo(host, port, family, socket.SOCK_STREAM):
               ^^^^^^^^^^^^^^^^^^^^^^^^^^^^^^^^^^^^^^^^^^^^^^^^^^^^^^^^^^
  File "C:\Program Files\WindowsApps\PythonSoftwareFoundation.Python.3.11_3.11.2544.0_x64__qbz5n2kfra8p0\Lib\socket.py", line 962, in getaddrinfo
    for res in _socket.getaddrinfo(host, port, family, type, proto, flags):
               ^^^^^^^^^^^^^^^^^^^^^^^^^^^^^^^^^^^^^^^^^^^^^^^^^^^^^^^^^^^
socket.gaierror: [Errno 11001] getaddrinfo failed

The above exception was the direct cause of the following exception:

Traceback (most recent call last):
  File "C:\Users\mimiv\OneDrive\Dokumente\GitHub\labs-python\.venv\Lib\site-packages\urllib3\connectionpool.py", line 787, in urlopen
    response = self._make_request(
               ^^^^^^^^^^^^^^^^^^^
  File "C:\Users\mimiv\OneDrive\Dokumente\GitHub\labs-python\.venv\Lib\site-packages\urllib3\connectionpool.py", line 488, in _make_request
    raise new_e
  File "C:\Users\mimiv\OneDrive\Dokumente\GitHub\labs-python\.venv\Lib\site-packages\urllib3\connectionpool.py", line 464, in _make_request
    self._validate_conn(conn)
  File "C:\Users\mimiv\OneDrive\Dokumente\GitHub\labs-python\.venv\Lib\site-packages\urllib3\connectionpool.py", line 1093, in _validate_conn
    conn.connect()
  File "C:\Users\mimiv\OneDrive\Dokumente\GitHub\labs-python\.venv\Lib\site-packages\urllib3\connection.py", line 753, in connect
    self.sock = sock = self._new_conn()
                       ^^^^^^^^^^^^^^^^
  File "C:\Users\mimiv\OneDrive\Dokumente\GitHub\labs-python\.venv\Lib\site-packages\urllib3\connection.py", line 205, in _new_conn
    raise NameResolutionError(self.host, self, e) from e
urllib3.exceptions.NameResolutionError: <urllib3.connection.HTTPSConnection object at 0x0000013E2F07AB90>: Failed to resolve 'thiswebsitedoesnotexist123456789.com' ([Errno 11001] getaddrinfo failed)

The above exception was the direct cause of the following exception:

Traceback (most recent call last):
  File "C:\Users\mimiv\OneDrive\Dokumente\GitHub\labs-python\.venv\Lib\site-packages\requests\adapters.py", line 644, in send
    resp = conn.urlopen(
           ^^^^^^^^^^^^^
  File "C:\Users\mimiv\OneDrive\Dokumente\GitHub\labs-python\.venv\Lib\site-packages\urllib3\connectionpool.py", line 841, in urlopen
    retries = retries.increment(
              ^^^^^^^^^^^^^^^^^^
  File "C:\Users\mimiv\OneDrive\Dokumente\GitHub\labs-python\.venv\Lib\site-packages\urllib3\util\retry.py", line 519, in increment
    raise MaxRetryError(_pool, url, reason) from reason  # type: ignore[arg-type]
    ^^^^^^^^^^^^^^^^^^^^^^^^^^^^^^^^^^^^^^^^^^^^^^^^^^^
urllib3.exceptions.MaxRetryError: HTTPSConnectionPool(host='thiswebsitedoesnotexist123456789.com', port=443): Max retries exceeded with url: / (Caused by NameResolutionError("<urllib3.connection.HTTPSConnection object at 0x0000013E2F07AB90>: Failed to resolve 'thiswebsitedoesnotexist123456789.com' ([Errno 11001] getaddrinfo failed)"))

During handling of the above exception, another exception occurred:

Traceback (most recent call last):
  File "c:\Users\mimiv\OneDrive\Dokumente\GitHub\labs-python\lab7\lab7.py", line 76, in get_currencies
    response = requests.get(url)
               ^^^^^^^^^^^^^^^^^
  File "C:\Users\mimiv\OneDrive\Dokumente\GitHub\labs-python\.venv\Lib\site-packages\requests\api.py", line 73, in get
    return request("get", url, params=params, **kwargs)
           ^^^^^^^^^^^^^^^^^^^^^^^^^^^^^^^^^^^^^^^^^^^^
  File "C:\Users\mimiv\OneDrive\Dokumente\GitHub\labs-python\.venv\Lib\site-packages\requests\api.py", line 59, in request
    return session.request(method=method, url=url, **kwargs)
           ^^^^^^^^^^^^^^^^^^^^^^^^^^^^^^^^^^^^^^^^^^^^^^^^^
  File "C:\Users\mimiv\OneDrive\Dokumente\GitHub\labs-python\.venv\Lib\site-packages\requests\sessions.py", line 589, in request
    resp = self.send(prep, **send_kwargs)
           ^^^^^^^^^^^^^^^^^^^^^^^^^^^^^^
  File "C:\Users\mimiv\OneDrive\Dokumente\GitHub\labs-python\.venv\Lib\site-packages\requests\sessions.py", line 703, in send
    r = adapter.send(request, **kwargs)
        ^^^^^^^^^^^^^^^^^^^^^^^^^^^^^^^
  File "C:\Users\mimiv\OneDrive\Dokumente\GitHub\labs-python\.venv\Lib\site-packages\requests\adapters.py", line 677, in send
    raise ConnectionError(e, request=request)
requests.exceptions.ConnectionError: HTTPSConnectionPool(host='thiswebsitedoesnotexist123456789.com', port=443): Max retries exceeded with url: / (Caused by NameResolutionError("<urllib3.connection.HTTPSConnection object at 0x0000013E2F07AB90>: Failed to resolve 'thiswebsitedoesnotexist123456789.com' ([Errno 11001] getaddrinfo failed)"))

During handling of the above exception, another exception occurred:

Traceback (most recent call last):
  File "c:\Users\mimiv\OneDrive\Dokumente\GitHub\labs-python\lab7\lab7.py", line 42, in wrapper
    result = func(*args, **kwargs)
             ^^^^^^^^^^^^^^^^^^^^^
  File "c:\Users\mimiv\OneDrive\Dokumente\GitHub\labs-python\lab7\lab7.py", line 79, in get_currencies
    raise ConnectionError(f"API is unavailable at {url}: {e}")
ConnectionError: API is unavailable at https://thiswebsitedoesnotexist123456789.com: HTTPSConnectionPool(host='thiswebsitedoesnotexist123456789.com', port=443): Max retries exceeded with url: / (Caused by NameResolutionError("<urllib3.connection.HTTPSConnection object at 0x0000013E2F07AB90>: Failed to resolve 'thiswebsitedoesnotexist123456789.com' ([Errno 11001] getaddrinfo failed)"))
2025-12-12 06:06:16,635 | INFO | currency | starting func get_currencies with args (['USD', 'EUR', 'NGN', 'CNY'],) {}
2025-12-12 06:06:17,595 | INFO | currency | successfully finished! result {'USD': 79.3398, 'EUR': 92.9384, 'NGN': 54.5147, 'CNY': 11.1867}
2025-12-12 06:06:17,595 | INFO | currency | starting func get_currencies with args (['USD', 'EUR'],) {}
2025-12-12 06:06:18,611 | INFO | currency | successfully finished! result {'USD': 79.3398, 'EUR': 92.9384}
2025-12-12 06:06:18,611 | INFO | currency | starting func get_currencies with args (['USD', 'EUR'],) {}
2025-12-12 06:06:19,557 | INFO | currency | successfully finished! result {'USD': 79.3398, 'EUR': 92.9384}
2025-12-12 06:06:19,557 | INFO | currency | starting func get_currencies with args (['USD', 'EUR'],) {}
2025-12-12 06:06:20,392 | INFO | currency | successfully finished! result {'USD': 79.3398, 'EUR': 92.9384}
2025-12-12 06:06:20,392 | INFO | currency | starting func get_currencies with args (['RUB', 'FAKECURRENCY'],) {}
2025-12-12 06:06:21,010 | ERROR | currency | ERROR: KeyError "Currency 'RUB' is missing in API response"
Traceback (most recent call last):
  File "c:\Users\mimiv\OneDrive\Dokumente\GitHub\labs-python\lab7\lab7.py", line 42, in wrapper
    result = func(*args, **kwargs)
             ^^^^^^^^^^^^^^^^^^^^^
  File "c:\Users\mimiv\OneDrive\Dokumente\GitHub\labs-python\lab7\lab7.py", line 94, in get_currencies
    raise KeyError(f"Currency {code!r} is missing in API response")
KeyError: "Currency 'RUB' is missing in API response"
2025-12-12 06:06:21,014 | INFO | currency | starting func get_currencies with args (['USD'],) {'url': 'https://thiswebsitedoesnotexist123456789.com'}
2025-12-12 06:06:21,116 | ERROR | currency | ERROR: ConnectionError API is unavailable at https://thiswebsitedoesnotexist123456789.com: HTTPSConnectionPool(host='thiswebsitedoesnotexist123456789.com', port=443): Max retries exceeded with url: / (Caused by NameResolutionError("<urllib3.connection.HTTPSConnection object at 0x0000019C9A07AB50>: Failed to resolve 'thiswebsitedoesnotexist123456789.com' ([Errno 11001] getaddrinfo failed)"))
Traceback (most recent call last):
  File "C:\Users\mimiv\OneDrive\Dokumente\GitHub\labs-python\.venv\Lib\site-packages\urllib3\connection.py", line 198, in _new_conn
    sock = connection.create_connection(
           ^^^^^^^^^^^^^^^^^^^^^^^^^^^^^
  File "C:\Users\mimiv\OneDrive\Dokumente\GitHub\labs-python\.venv\Lib\site-packages\urllib3\util\connection.py", line 60, in create_connection
    for res in socket.getaddrinfo(host, port, family, socket.SOCK_STREAM):
               ^^^^^^^^^^^^^^^^^^^^^^^^^^^^^^^^^^^^^^^^^^^^^^^^^^^^^^^^^^
  File "C:\Program Files\WindowsApps\PythonSoftwareFoundation.Python.3.11_3.11.2544.0_x64__qbz5n2kfra8p0\Lib\socket.py", line 962, in getaddrinfo
    for res in _socket.getaddrinfo(host, port, family, type, proto, flags):
               ^^^^^^^^^^^^^^^^^^^^^^^^^^^^^^^^^^^^^^^^^^^^^^^^^^^^^^^^^^^
socket.gaierror: [Errno 11001] getaddrinfo failed

The above exception was the direct cause of the following exception:

Traceback (most recent call last):
  File "C:\Users\mimiv\OneDrive\Dokumente\GitHub\labs-python\.venv\Lib\site-packages\urllib3\connectionpool.py", line 787, in urlopen
    response = self._make_request(
               ^^^^^^^^^^^^^^^^^^^
  File "C:\Users\mimiv\OneDrive\Dokumente\GitHub\labs-python\.venv\Lib\site-packages\urllib3\connectionpool.py", line 488, in _make_request
    raise new_e
  File "C:\Users\mimiv\OneDrive\Dokumente\GitHub\labs-python\.venv\Lib\site-packages\urllib3\connectionpool.py", line 464, in _make_request
    self._validate_conn(conn)
  File "C:\Users\mimiv\OneDrive\Dokumente\GitHub\labs-python\.venv\Lib\site-packages\urllib3\connectionpool.py", line 1093, in _validate_conn
    conn.connect()
  File "C:\Users\mimiv\OneDrive\Dokumente\GitHub\labs-python\.venv\Lib\site-packages\urllib3\connection.py", line 753, in connect
    self.sock = sock = self._new_conn()
                       ^^^^^^^^^^^^^^^^
  File "C:\Users\mimiv\OneDrive\Dokumente\GitHub\labs-python\.venv\Lib\site-packages\urllib3\connection.py", line 205, in _new_conn
    raise NameResolutionError(self.host, self, e) from e
urllib3.exceptions.NameResolutionError: <urllib3.connection.HTTPSConnection object at 0x0000019C9A07AB50>: Failed to resolve 'thiswebsitedoesnotexist123456789.com' ([Errno 11001] getaddrinfo failed)

The above exception was the direct cause of the following exception:

Traceback (most recent call last):
  File "C:\Users\mimiv\OneDrive\Dokumente\GitHub\labs-python\.venv\Lib\site-packages\requests\adapters.py", line 644, in send
    resp = conn.urlopen(
           ^^^^^^^^^^^^^
  File "C:\Users\mimiv\OneDrive\Dokumente\GitHub\labs-python\.venv\Lib\site-packages\urllib3\connectionpool.py", line 841, in urlopen
    retries = retries.increment(
              ^^^^^^^^^^^^^^^^^^
  File "C:\Users\mimiv\OneDrive\Dokumente\GitHub\labs-python\.venv\Lib\site-packages\urllib3\util\retry.py", line 519, in increment
    raise MaxRetryError(_pool, url, reason) from reason  # type: ignore[arg-type]
    ^^^^^^^^^^^^^^^^^^^^^^^^^^^^^^^^^^^^^^^^^^^^^^^^^^^
urllib3.exceptions.MaxRetryError: HTTPSConnectionPool(host='thiswebsitedoesnotexist123456789.com', port=443): Max retries exceeded with url: / (Caused by NameResolutionError("<urllib3.connection.HTTPSConnection object at 0x0000019C9A07AB50>: Failed to resolve 'thiswebsitedoesnotexist123456789.com' ([Errno 11001] getaddrinfo failed)"))

During handling of the above exception, another exception occurred:

Traceback (most recent call last):
  File "c:\Users\mimiv\OneDrive\Dokumente\GitHub\labs-python\lab7\lab7.py", line 76, in get_currencies
    response = requests.get(url)
               ^^^^^^^^^^^^^^^^^
  File "C:\Users\mimiv\OneDrive\Dokumente\GitHub\labs-python\.venv\Lib\site-packages\requests\api.py", line 73, in get
    return request("get", url, params=params, **kwargs)
           ^^^^^^^^^^^^^^^^^^^^^^^^^^^^^^^^^^^^^^^^^^^^
  File "C:\Users\mimiv\OneDrive\Dokumente\GitHub\labs-python\.venv\Lib\site-packages\requests\api.py", line 59, in request
    return session.request(method=method, url=url, **kwargs)
           ^^^^^^^^^^^^^^^^^^^^^^^^^^^^^^^^^^^^^^^^^^^^^^^^^
  File "C:\Users\mimiv\OneDrive\Dokumente\GitHub\labs-python\.venv\Lib\site-packages\requests\sessions.py", line 589, in request
    resp = self.send(prep, **send_kwargs)
           ^^^^^^^^^^^^^^^^^^^^^^^^^^^^^^
  File "C:\Users\mimiv\OneDrive\Dokumente\GitHub\labs-python\.venv\Lib\site-packages\requests\sessions.py", line 703, in send
    r = adapter.send(request, **kwargs)
        ^^^^^^^^^^^^^^^^^^^^^^^^^^^^^^^
  File "C:\Users\mimiv\OneDrive\Dokumente\GitHub\labs-python\.venv\Lib\site-packages\requests\adapters.py", line 677, in send
    raise ConnectionError(e, request=request)
requests.exceptions.ConnectionError: HTTPSConnectionPool(host='thiswebsitedoesnotexist123456789.com', port=443): Max retries exceeded with url: / (Caused by NameResolutionError("<urllib3.connection.HTTPSConnection object at 0x0000019C9A07AB50>: Failed to resolve 'thiswebsitedoesnotexist123456789.com' ([Errno 11001] getaddrinfo failed)"))

During handling of the above exception, another exception occurred:

Traceback (most recent call last):
  File "c:\Users\mimiv\OneDrive\Dokumente\GitHub\labs-python\lab7\lab7.py", line 42, in wrapper
    result = func(*args, **kwargs)
             ^^^^^^^^^^^^^^^^^^^^^
  File "c:\Users\mimiv\OneDrive\Dokumente\GitHub\labs-python\lab7\lab7.py", line 79, in get_currencies
    raise ConnectionError(f"API is unavailable at {url}: {e}")
ConnectionError: API is unavailable at https://thiswebsitedoesnotexist123456789.com: HTTPSConnectionPool(host='thiswebsitedoesnotexist123456789.com', port=443): Max retries exceeded with url: / (Caused by NameResolutionError("<urllib3.connection.HTTPSConnection object at 0x0000019C9A07AB50>: Failed to resolve 'thiswebsitedoesnotexist123456789.com' ([Errno 11001] getaddrinfo failed)"))
2025-12-12 06:25:20,700 | INFO | currency | starting func get_currencies with args (['USD', 'EUR', 'NGN', 'CNY'],) {}
2025-12-12 06:25:21,229 | INFO | currency | successfully finished! result {'USD': 79.3398, 'EUR': 92.9384, 'NGN': 54.5147, 'CNY': 11.1867}
2025-12-12 06:25:21,229 | INFO | currency | starting func get_currencies with args (['USD', 'EUR'],) {}
2025-12-12 06:25:21,689 | INFO | currency | successfully finished! result {'USD': 79.3398, 'EUR': 92.9384}
2025-12-12 06:25:21,689 | INFO | currency | starting func get_currencies with args (['USD', 'EUR'],) {}
2025-12-12 06:25:22,188 | INFO | currency | successfully finished! result {'USD': 79.3398, 'EUR': 92.9384}
2025-12-12 06:25:22,188 | INFO | currency | starting func get_currencies with args (['USD', 'EUR'],) {}
2025-12-12 06:25:22,979 | INFO | currency | successfully finished! result {'USD': 79.3398, 'EUR': 92.9384}
2025-12-12 06:25:22,979 | INFO | currency | starting func get_currencies with args (['RUB', 'FAKECURRENCY'],) {}
2025-12-12 06:25:23,529 | ERROR | currency | ERROR: KeyError "Currency 'RUB' is missing in API response"
Traceback (most recent call last):
  File "c:\Users\mimiv\OneDrive\Dokumente\GitHub\labs-python\lab7\lab7.py", line 42, in wrapper
    result = func(*args, **kwargs)
             ^^^^^^^^^^^^^^^^^^^^^
  File "c:\Users\mimiv\OneDrive\Dokumente\GitHub\labs-python\lab7\lab7.py", line 94, in get_currencies
    raise KeyError(f"Currency {code!r} is missing in API response")
KeyError: "Currency 'RUB' is missing in API response"
2025-12-12 06:25:23,530 | INFO | currency | starting func get_currencies with args (['USD'],) {'url': 'https://thiswebsitedoesnotexist123456789.com'}
2025-12-12 06:25:23,574 | ERROR | currency | ERROR: ConnectionError API is unavailable at https://thiswebsitedoesnotexist123456789.com: HTTPSConnectionPool(host='thiswebsitedoesnotexist123456789.com', port=443): Max retries exceeded with url: / (Caused by NameResolutionError("<urllib3.connection.HTTPSConnection object at 0x00000264766C7F50>: Failed to resolve 'thiswebsitedoesnotexist123456789.com' ([Errno 11001] getaddrinfo failed)"))
Traceback (most recent call last):
  File "C:\Users\mimiv\OneDrive\Dokumente\GitHub\labs-python\.venv\Lib\site-packages\urllib3\connection.py", line 198, in _new_conn
    sock = connection.create_connection(
           ^^^^^^^^^^^^^^^^^^^^^^^^^^^^^
  File "C:\Users\mimiv\OneDrive\Dokumente\GitHub\labs-python\.venv\Lib\site-packages\urllib3\util\connection.py", line 60, in create_connection
    for res in socket.getaddrinfo(host, port, family, socket.SOCK_STREAM):
               ^^^^^^^^^^^^^^^^^^^^^^^^^^^^^^^^^^^^^^^^^^^^^^^^^^^^^^^^^^
  File "C:\Program Files\WindowsApps\PythonSoftwareFoundation.Python.3.11_3.11.2544.0_x64__qbz5n2kfra8p0\Lib\socket.py", line 962, in getaddrinfo
    for res in _socket.getaddrinfo(host, port, family, type, proto, flags):
               ^^^^^^^^^^^^^^^^^^^^^^^^^^^^^^^^^^^^^^^^^^^^^^^^^^^^^^^^^^^
socket.gaierror: [Errno 11001] getaddrinfo failed

The above exception was the direct cause of the following exception:

Traceback (most recent call last):
  File "C:\Users\mimiv\OneDrive\Dokumente\GitHub\labs-python\.venv\Lib\site-packages\urllib3\connectionpool.py", line 787, in urlopen
    response = self._make_request(
               ^^^^^^^^^^^^^^^^^^^
  File "C:\Users\mimiv\OneDrive\Dokumente\GitHub\labs-python\.venv\Lib\site-packages\urllib3\connectionpool.py", line 488, in _make_request
    raise new_e
  File "C:\Users\mimiv\OneDrive\Dokumente\GitHub\labs-python\.venv\Lib\site-packages\urllib3\connectionpool.py", line 464, in _make_request
    self._validate_conn(conn)
  File "C:\Users\mimiv\OneDrive\Dokumente\GitHub\labs-python\.venv\Lib\site-packages\urllib3\connectionpool.py", line 1093, in _validate_conn
    conn.connect()
  File "C:\Users\mimiv\OneDrive\Dokumente\GitHub\labs-python\.venv\Lib\site-packages\urllib3\connection.py", line 753, in connect
    self.sock = sock = self._new_conn()
                       ^^^^^^^^^^^^^^^^
  File "C:\Users\mimiv\OneDrive\Dokumente\GitHub\labs-python\.venv\Lib\site-packages\urllib3\connection.py", line 205, in _new_conn
    raise NameResolutionError(self.host, self, e) from e
urllib3.exceptions.NameResolutionError: <urllib3.connection.HTTPSConnection object at 0x00000264766C7F50>: Failed to resolve 'thiswebsitedoesnotexist123456789.com' ([Errno 11001] getaddrinfo failed)

The above exception was the direct cause of the following exception:

Traceback (most recent call last):
  File "C:\Users\mimiv\OneDrive\Dokumente\GitHub\labs-python\.venv\Lib\site-packages\requests\adapters.py", line 644, in send
    resp = conn.urlopen(
           ^^^^^^^^^^^^^
  File "C:\Users\mimiv\OneDrive\Dokumente\GitHub\labs-python\.venv\Lib\site-packages\urllib3\connectionpool.py", line 841, in urlopen
    retries = retries.increment(
              ^^^^^^^^^^^^^^^^^^
  File "C:\Users\mimiv\OneDrive\Dokumente\GitHub\labs-python\.venv\Lib\site-packages\urllib3\util\retry.py", line 519, in increment
    raise MaxRetryError(_pool, url, reason) from reason  # type: ignore[arg-type]
    ^^^^^^^^^^^^^^^^^^^^^^^^^^^^^^^^^^^^^^^^^^^^^^^^^^^
urllib3.exceptions.MaxRetryError: HTTPSConnectionPool(host='thiswebsitedoesnotexist123456789.com', port=443): Max retries exceeded with url: / (Caused by NameResolutionError("<urllib3.connection.HTTPSConnection object at 0x00000264766C7F50>: Failed to resolve 'thiswebsitedoesnotexist123456789.com' ([Errno 11001] getaddrinfo failed)"))

During handling of the above exception, another exception occurred:

Traceback (most recent call last):
  File "c:\Users\mimiv\OneDrive\Dokumente\GitHub\labs-python\lab7\lab7.py", line 76, in get_currencies
    response = requests.get(url)
               ^^^^^^^^^^^^^^^^^
  File "C:\Users\mimiv\OneDrive\Dokumente\GitHub\labs-python\.venv\Lib\site-packages\requests\api.py", line 73, in get
    return request("get", url, params=params, **kwargs)
           ^^^^^^^^^^^^^^^^^^^^^^^^^^^^^^^^^^^^^^^^^^^^
  File "C:\Users\mimiv\OneDrive\Dokumente\GitHub\labs-python\.venv\Lib\site-packages\requests\api.py", line 59, in request
    return session.request(method=method, url=url, **kwargs)
           ^^^^^^^^^^^^^^^^^^^^^^^^^^^^^^^^^^^^^^^^^^^^^^^^^
  File "C:\Users\mimiv\OneDrive\Dokumente\GitHub\labs-python\.venv\Lib\site-packages\requests\sessions.py", line 589, in request
    resp = self.send(prep, **send_kwargs)
           ^^^^^^^^^^^^^^^^^^^^^^^^^^^^^^
  File "C:\Users\mimiv\OneDrive\Dokumente\GitHub\labs-python\.venv\Lib\site-packages\requests\sessions.py", line 703, in send
    r = adapter.send(request, **kwargs)
        ^^^^^^^^^^^^^^^^^^^^^^^^^^^^^^^
  File "C:\Users\mimiv\OneDrive\Dokumente\GitHub\labs-python\.venv\Lib\site-packages\requests\adapters.py", line 677, in send
    raise ConnectionError(e, request=request)
requests.exceptions.ConnectionError: HTTPSConnectionPool(host='thiswebsitedoesnotexist123456789.com', port=443): Max retries exceeded with url: / (Caused by NameResolutionError("<urllib3.connection.HTTPSConnection object at 0x00000264766C7F50>: Failed to resolve 'thiswebsitedoesnotexist123456789.com' ([Errno 11001] getaddrinfo failed)"))

During handling of the above exception, another exception occurred:

Traceback (most recent call last):
  File "c:\Users\mimiv\OneDrive\Dokumente\GitHub\labs-python\lab7\lab7.py", line 42, in wrapper
    result = func(*args, **kwargs)
             ^^^^^^^^^^^^^^^^^^^^^
  File "c:\Users\mimiv\OneDrive\Dokumente\GitHub\labs-python\lab7\lab7.py", line 79, in get_currencies
    raise ConnectionError(f"API is unavailable at {url}: {e}")
ConnectionError: API is unavailable at https://thiswebsitedoesnotexist123456789.com: HTTPSConnectionPool(host='thiswebsitedoesnotexist123456789.com', port=443): Max retries exceeded with url: / (Caused by NameResolutionError("<urllib3.connection.HTTPSConnection object at 0x00000264766C7F50>: Failed to resolve 'thiswebsitedoesnotexist123456789.com' ([Errno 11001] getaddrinfo failed)"))
2025-12-12 06:25:58,276 | INFO | currency | starting func get_currencies with args (['USD', 'EUR', 'NGN', 'CNY'],) {}
2025-12-12 06:25:58,748 | INFO | currency | successfully finished! result {'USD': 79.3398, 'EUR': 92.9384, 'NGN': 54.5147, 'CNY': 11.1867}
2025-12-12 06:25:58,748 | INFO | currency | starting func get_currencies with args (['USD', 'EUR'],) {}
2025-12-12 06:25:59,230 | INFO | currency | successfully finished! result {'USD': 79.3398, 'EUR': 92.9384}
2025-12-12 06:25:59,230 | INFO | currency | starting func get_currencies with args (['USD', 'EUR'],) {}
2025-12-12 06:25:59,666 | INFO | currency | successfully finished! result {'USD': 79.3398, 'EUR': 92.9384}
2025-12-12 06:25:59,666 | INFO | currency | starting func get_currencies with args (['USD', 'EUR'],) {}
2025-12-12 06:26:00,263 | INFO | currency | successfully finished! result {'USD': 79.3398, 'EUR': 92.9384}
2025-12-12 06:26:00,265 | INFO | currency | starting func get_currencies with args (['RUB', 'FAKECURRENCY'],) {}
2025-12-12 06:26:00,828 | ERROR | currency | ERROR: KeyError "Currency 'RUB' is missing in API response"
Traceback (most recent call last):
  File "c:\Users\mimiv\OneDrive\Dokumente\GitHub\labs-python\lab7\lab7.py", line 42, in wrapper
    result = func(*args, **kwargs)
             ^^^^^^^^^^^^^^^^^^^^^
  File "c:\Users\mimiv\OneDrive\Dokumente\GitHub\labs-python\lab7\lab7.py", line 94, in get_currencies
    raise KeyError(f"Currency {code!r} is missing in API response")
KeyError: "Currency 'RUB' is missing in API response"
2025-12-12 06:26:00,833 | INFO | currency | starting func get_currencies with args (['USD'],) {'url': 'https://thiswebsitedoesnotexist123456789.com'}
2025-12-12 06:26:00,884 | ERROR | currency | ERROR: ConnectionError API is unavailable at https://thiswebsitedoesnotexist123456789.com: HTTPSConnectionPool(host='thiswebsitedoesnotexist123456789.com', port=443): Max retries exceeded with url: / (Caused by NameResolutionError("<urllib3.connection.HTTPSConnection object at 0x000001C6AF0484D0>: Failed to resolve 'thiswebsitedoesnotexist123456789.com' ([Errno 11001] getaddrinfo failed)"))
Traceback (most recent call last):
  File "C:\Users\mimiv\OneDrive\Dokumente\GitHub\labs-python\.venv\Lib\site-packages\urllib3\connection.py", line 198, in _new_conn
    sock = connection.create_connection(
           ^^^^^^^^^^^^^^^^^^^^^^^^^^^^^
  File "C:\Users\mimiv\OneDrive\Dokumente\GitHub\labs-python\.venv\Lib\site-packages\urllib3\util\connection.py", line 60, in create_connection
    for res in socket.getaddrinfo(host, port, family, socket.SOCK_STREAM):
               ^^^^^^^^^^^^^^^^^^^^^^^^^^^^^^^^^^^^^^^^^^^^^^^^^^^^^^^^^^
  File "C:\Program Files\WindowsApps\PythonSoftwareFoundation.Python.3.11_3.11.2544.0_x64__qbz5n2kfra8p0\Lib\socket.py", line 962, in getaddrinfo
    for res in _socket.getaddrinfo(host, port, family, type, proto, flags):
               ^^^^^^^^^^^^^^^^^^^^^^^^^^^^^^^^^^^^^^^^^^^^^^^^^^^^^^^^^^^
socket.gaierror: [Errno 11001] getaddrinfo failed

The above exception was the direct cause of the following exception:

Traceback (most recent call last):
  File "C:\Users\mimiv\OneDrive\Dokumente\GitHub\labs-python\.venv\Lib\site-packages\urllib3\connectionpool.py", line 787, in urlopen
    response = self._make_request(
               ^^^^^^^^^^^^^^^^^^^
  File "C:\Users\mimiv\OneDrive\Dokumente\GitHub\labs-python\.venv\Lib\site-packages\urllib3\connectionpool.py", line 488, in _make_request
    raise new_e
  File "C:\Users\mimiv\OneDrive\Dokumente\GitHub\labs-python\.venv\Lib\site-packages\urllib3\connectionpool.py", line 464, in _make_request
    self._validate_conn(conn)
  File "C:\Users\mimiv\OneDrive\Dokumente\GitHub\labs-python\.venv\Lib\site-packages\urllib3\connectionpool.py", line 1093, in _validate_conn
    conn.connect()
  File "C:\Users\mimiv\OneDrive\Dokumente\GitHub\labs-python\.venv\Lib\site-packages\urllib3\connection.py", line 753, in connect
    self.sock = sock = self._new_conn()
                       ^^^^^^^^^^^^^^^^
  File "C:\Users\mimiv\OneDrive\Dokumente\GitHub\labs-python\.venv\Lib\site-packages\urllib3\connection.py", line 205, in _new_conn
    raise NameResolutionError(self.host, self, e) from e
urllib3.exceptions.NameResolutionError: <urllib3.connection.HTTPSConnection object at 0x000001C6AF0484D0>: Failed to resolve 'thiswebsitedoesnotexist123456789.com' ([Errno 11001] getaddrinfo failed)

The above exception was the direct cause of the following exception:

Traceback (most recent call last):
  File "C:\Users\mimiv\OneDrive\Dokumente\GitHub\labs-python\.venv\Lib\site-packages\requests\adapters.py", line 644, in send
    resp = conn.urlopen(
           ^^^^^^^^^^^^^
  File "C:\Users\mimiv\OneDrive\Dokumente\GitHub\labs-python\.venv\Lib\site-packages\urllib3\connectionpool.py", line 841, in urlopen
    retries = retries.increment(
              ^^^^^^^^^^^^^^^^^^
  File "C:\Users\mimiv\OneDrive\Dokumente\GitHub\labs-python\.venv\Lib\site-packages\urllib3\util\retry.py", line 519, in increment
    raise MaxRetryError(_pool, url, reason) from reason  # type: ignore[arg-type]
    ^^^^^^^^^^^^^^^^^^^^^^^^^^^^^^^^^^^^^^^^^^^^^^^^^^^
urllib3.exceptions.MaxRetryError: HTTPSConnectionPool(host='thiswebsitedoesnotexist123456789.com', port=443): Max retries exceeded with url: / (Caused by NameResolutionError("<urllib3.connection.HTTPSConnection object at 0x000001C6AF0484D0>: Failed to resolve 'thiswebsitedoesnotexist123456789.com' ([Errno 11001] getaddrinfo failed)"))

During handling of the above exception, another exception occurred:

Traceback (most recent call last):
  File "c:\Users\mimiv\OneDrive\Dokumente\GitHub\labs-python\lab7\lab7.py", line 76, in get_currencies
    response = requests.get(url)
               ^^^^^^^^^^^^^^^^^
  File "C:\Users\mimiv\OneDrive\Dokumente\GitHub\labs-python\.venv\Lib\site-packages\requests\api.py", line 73, in get
    return request("get", url, params=params, **kwargs)
           ^^^^^^^^^^^^^^^^^^^^^^^^^^^^^^^^^^^^^^^^^^^^
  File "C:\Users\mimiv\OneDrive\Dokumente\GitHub\labs-python\.venv\Lib\site-packages\requests\api.py", line 59, in request
    return session.request(method=method, url=url, **kwargs)
           ^^^^^^^^^^^^^^^^^^^^^^^^^^^^^^^^^^^^^^^^^^^^^^^^^
  File "C:\Users\mimiv\OneDrive\Dokumente\GitHub\labs-python\.venv\Lib\site-packages\requests\sessions.py", line 589, in request
    resp = self.send(prep, **send_kwargs)
           ^^^^^^^^^^^^^^^^^^^^^^^^^^^^^^
  File "C:\Users\mimiv\OneDrive\Dokumente\GitHub\labs-python\.venv\Lib\site-packages\requests\sessions.py", line 703, in send
    r = adapter.send(request, **kwargs)
        ^^^^^^^^^^^^^^^^^^^^^^^^^^^^^^^
  File "C:\Users\mimiv\OneDrive\Dokumente\GitHub\labs-python\.venv\Lib\site-packages\requests\adapters.py", line 677, in send
    raise ConnectionError(e, request=request)
requests.exceptions.ConnectionError: HTTPSConnectionPool(host='thiswebsitedoesnotexist123456789.com', port=443): Max retries exceeded with url: / (Caused by NameResolutionError("<urllib3.connection.HTTPSConnection object at 0x000001C6AF0484D0>: Failed to resolve 'thiswebsitedoesnotexist123456789.com' ([Errno 11001] getaddrinfo failed)"))

During handling of the above exception, another exception occurred:

Traceback (most recent call last):
  File "c:\Users\mimiv\OneDrive\Dokumente\GitHub\labs-python\lab7\lab7.py", line 42, in wrapper
    result = func(*args, **kwargs)
             ^^^^^^^^^^^^^^^^^^^^^
  File "c:\Users\mimiv\OneDrive\Dokumente\GitHub\labs-python\lab7\lab7.py", line 79, in get_currencies
    raise ConnectionError(f"API is unavailable at {url}: {e}")
ConnectionError: API is unavailable at https://thiswebsitedoesnotexist123456789.com: HTTPSConnectionPool(host='thiswebsitedoesnotexist123456789.com', port=443): Max retries exceeded with url: / (Caused by NameResolutionError("<urllib3.connection.HTTPSConnection object at 0x000001C6AF0484D0>: Failed to resolve 'thiswebsitedoesnotexist123456789.com' ([Errno 11001] getaddrinfo failed)"))
2025-12-12 06:26:16,338 | INFO | currency | starting func get_currencies with args (['USD', 'EUR', 'NGN', 'CNY'],) {}
2025-12-12 06:26:16,854 | INFO | currency | successfully finished! result {'USD': 79.3398, 'EUR': 92.9384, 'NGN': 54.5147, 'CNY': 11.1867}
2025-12-12 06:26:16,854 | INFO | currency | starting func get_currencies with args (['USD', 'EUR'],) {}
2025-12-12 06:26:17,351 | INFO | currency | successfully finished! result {'USD': 79.3398, 'EUR': 92.9384}
2025-12-12 06:26:17,351 | INFO | currency | starting func get_currencies with args (['USD', 'EUR'],) {}
2025-12-12 06:26:17,823 | INFO | currency | successfully finished! result {'USD': 79.3398, 'EUR': 92.9384}
2025-12-12 06:26:17,823 | INFO | currency | starting func get_currencies with args (['USD', 'EUR'],) {}
2025-12-12 06:26:18,381 | INFO | currency | successfully finished! result {'USD': 79.3398, 'EUR': 92.9384}
2025-12-12 06:26:18,382 | INFO | currency | starting func get_currencies with args (['RUB', 'FAKECURRENCY'],) {}
2025-12-12 06:26:18,855 | ERROR | currency | ERROR: KeyError "Currency 'RUB' is missing in API response"
Traceback (most recent call last):
  File "c:\Users\mimiv\OneDrive\Dokumente\GitHub\labs-python\lab7\lab7.py", line 42, in wrapper
    result = func(*args, **kwargs)
             ^^^^^^^^^^^^^^^^^^^^^
  File "c:\Users\mimiv\OneDrive\Dokumente\GitHub\labs-python\lab7\lab7.py", line 94, in get_currencies
    raise KeyError(f"Currency {code!r} is missing in API response")
KeyError: "Currency 'RUB' is missing in API response"
2025-12-12 06:26:18,856 | INFO | currency | starting func get_currencies with args (['USD'],) {'url': 'https://thiswebsitedoesnotexist123456789.com'}
2025-12-12 06:26:18,906 | ERROR | currency | ERROR: ConnectionError API is unavailable at https://thiswebsitedoesnotexist123456789.com: HTTPSConnectionPool(host='thiswebsitedoesnotexist123456789.com', port=443): Max retries exceeded with url: / (Caused by NameResolutionError("<urllib3.connection.HTTPSConnection object at 0x0000023519394110>: Failed to resolve 'thiswebsitedoesnotexist123456789.com' ([Errno 11001] getaddrinfo failed)"))
Traceback (most recent call last):
  File "C:\Users\mimiv\OneDrive\Dokumente\GitHub\labs-python\.venv\Lib\site-packages\urllib3\connection.py", line 198, in _new_conn
    sock = connection.create_connection(
           ^^^^^^^^^^^^^^^^^^^^^^^^^^^^^
  File "C:\Users\mimiv\OneDrive\Dokumente\GitHub\labs-python\.venv\Lib\site-packages\urllib3\util\connection.py", line 60, in create_connection
    for res in socket.getaddrinfo(host, port, family, socket.SOCK_STREAM):
               ^^^^^^^^^^^^^^^^^^^^^^^^^^^^^^^^^^^^^^^^^^^^^^^^^^^^^^^^^^
  File "C:\Program Files\WindowsApps\PythonSoftwareFoundation.Python.3.11_3.11.2544.0_x64__qbz5n2kfra8p0\Lib\socket.py", line 962, in getaddrinfo
    for res in _socket.getaddrinfo(host, port, family, type, proto, flags):
               ^^^^^^^^^^^^^^^^^^^^^^^^^^^^^^^^^^^^^^^^^^^^^^^^^^^^^^^^^^^
socket.gaierror: [Errno 11001] getaddrinfo failed

The above exception was the direct cause of the following exception:

Traceback (most recent call last):
  File "C:\Users\mimiv\OneDrive\Dokumente\GitHub\labs-python\.venv\Lib\site-packages\urllib3\connectionpool.py", line 787, in urlopen
    response = self._make_request(
               ^^^^^^^^^^^^^^^^^^^
  File "C:\Users\mimiv\OneDrive\Dokumente\GitHub\labs-python\.venv\Lib\site-packages\urllib3\connectionpool.py", line 488, in _make_request
    raise new_e
  File "C:\Users\mimiv\OneDrive\Dokumente\GitHub\labs-python\.venv\Lib\site-packages\urllib3\connectionpool.py", line 464, in _make_request
    self._validate_conn(conn)
  File "C:\Users\mimiv\OneDrive\Dokumente\GitHub\labs-python\.venv\Lib\site-packages\urllib3\connectionpool.py", line 1093, in _validate_conn
    conn.connect()
  File "C:\Users\mimiv\OneDrive\Dokumente\GitHub\labs-python\.venv\Lib\site-packages\urllib3\connection.py", line 753, in connect
    self.sock = sock = self._new_conn()
                       ^^^^^^^^^^^^^^^^
  File "C:\Users\mimiv\OneDrive\Dokumente\GitHub\labs-python\.venv\Lib\site-packages\urllib3\connection.py", line 205, in _new_conn
    raise NameResolutionError(self.host, self, e) from e
urllib3.exceptions.NameResolutionError: <urllib3.connection.HTTPSConnection object at 0x0000023519394110>: Failed to resolve 'thiswebsitedoesnotexist123456789.com' ([Errno 11001] getaddrinfo failed)

The above exception was the direct cause of the following exception:

Traceback (most recent call last):
  File "C:\Users\mimiv\OneDrive\Dokumente\GitHub\labs-python\.venv\Lib\site-packages\requests\adapters.py", line 644, in send
    resp = conn.urlopen(
           ^^^^^^^^^^^^^
  File "C:\Users\mimiv\OneDrive\Dokumente\GitHub\labs-python\.venv\Lib\site-packages\urllib3\connectionpool.py", line 841, in urlopen
    retries = retries.increment(
              ^^^^^^^^^^^^^^^^^^
  File "C:\Users\mimiv\OneDrive\Dokumente\GitHub\labs-python\.venv\Lib\site-packages\urllib3\util\retry.py", line 519, in increment
    raise MaxRetryError(_pool, url, reason) from reason  # type: ignore[arg-type]
    ^^^^^^^^^^^^^^^^^^^^^^^^^^^^^^^^^^^^^^^^^^^^^^^^^^^
urllib3.exceptions.MaxRetryError: HTTPSConnectionPool(host='thiswebsitedoesnotexist123456789.com', port=443): Max retries exceeded with url: / (Caused by NameResolutionError("<urllib3.connection.HTTPSConnection object at 0x0000023519394110>: Failed to resolve 'thiswebsitedoesnotexist123456789.com' ([Errno 11001] getaddrinfo failed)"))

During handling of the above exception, another exception occurred:

Traceback (most recent call last):
  File "c:\Users\mimiv\OneDrive\Dokumente\GitHub\labs-python\lab7\lab7.py", line 76, in get_currencies
    response = requests.get(url)
               ^^^^^^^^^^^^^^^^^
  File "C:\Users\mimiv\OneDrive\Dokumente\GitHub\labs-python\.venv\Lib\site-packages\requests\api.py", line 73, in get
    return request("get", url, params=params, **kwargs)
           ^^^^^^^^^^^^^^^^^^^^^^^^^^^^^^^^^^^^^^^^^^^^
  File "C:\Users\mimiv\OneDrive\Dokumente\GitHub\labs-python\.venv\Lib\site-packages\requests\api.py", line 59, in request
    return session.request(method=method, url=url, **kwargs)
           ^^^^^^^^^^^^^^^^^^^^^^^^^^^^^^^^^^^^^^^^^^^^^^^^^
  File "C:\Users\mimiv\OneDrive\Dokumente\GitHub\labs-python\.venv\Lib\site-packages\requests\sessions.py", line 589, in request
    resp = self.send(prep, **send_kwargs)
           ^^^^^^^^^^^^^^^^^^^^^^^^^^^^^^
  File "C:\Users\mimiv\OneDrive\Dokumente\GitHub\labs-python\.venv\Lib\site-packages\requests\sessions.py", line 703, in send
    r = adapter.send(request, **kwargs)
        ^^^^^^^^^^^^^^^^^^^^^^^^^^^^^^^
  File "C:\Users\mimiv\OneDrive\Dokumente\GitHub\labs-python\.venv\Lib\site-packages\requests\adapters.py", line 677, in send
    raise ConnectionError(e, request=request)
requests.exceptions.ConnectionError: HTTPSConnectionPool(host='thiswebsitedoesnotexist123456789.com', port=443): Max retries exceeded with url: / (Caused by NameResolutionError("<urllib3.connection.HTTPSConnection object at 0x0000023519394110>: Failed to resolve 'thiswebsitedoesnotexist123456789.com' ([Errno 11001] getaddrinfo failed)"))

During handling of the above exception, another exception occurred:

Traceback (most recent call last):
  File "c:\Users\mimiv\OneDrive\Dokumente\GitHub\labs-python\lab7\lab7.py", line 42, in wrapper
    result = func(*args, **kwargs)
             ^^^^^^^^^^^^^^^^^^^^^
  File "c:\Users\mimiv\OneDrive\Dokumente\GitHub\labs-python\lab7\lab7.py", line 79, in get_currencies
    raise ConnectionError(f"API is unavailable at {url}: {e}")
ConnectionError: API is unavailable at https://thiswebsitedoesnotexist123456789.com: HTTPSConnectionPool(host='thiswebsitedoesnotexist123456789.com', port=443): Max retries exceeded with url: / (Caused by NameResolutionError("<urllib3.connection.HTTPSConnection object at 0x0000023519394110>: Failed to resolve 'thiswebsitedoesnotexist123456789.com' ([Errno 11001] getaddrinfo failed)"))
2025-12-12 06:26:39,235 | INFO | currency | starting func get_currencies with args (['USD', 'EUR', 'NGN', 'CNY'],) {}
2025-12-12 06:26:39,706 | INFO | currency | successfully finished! result {'USD': 79.3398, 'EUR': 92.9384, 'NGN': 54.5147, 'CNY': 11.1867}
2025-12-12 06:26:39,706 | INFO | currency | starting func get_currencies with args (['USD', 'EUR'],) {}
2025-12-12 06:26:40,210 | INFO | currency | successfully finished! result {'USD': 79.3398, 'EUR': 92.9384}
2025-12-12 06:26:40,210 | INFO | currency | starting func get_currencies with args (['USD', 'EUR'],) {}
2025-12-12 06:26:40,774 | INFO | currency | successfully finished! result {'USD': 79.3398, 'EUR': 92.9384}
2025-12-12 06:26:40,774 | INFO | currency | starting func get_currencies with args (['USD', 'EUR'],) {}
2025-12-12 06:26:41,237 | INFO | currency | successfully finished! result {'USD': 79.3398, 'EUR': 92.9384}
2025-12-12 06:26:41,237 | INFO | currency | starting func get_currencies with args (['RUB', 'FAKECURRENCY'],) {}
2025-12-12 06:26:41,696 | ERROR | currency | ERROR: KeyError "Currency 'RUB' is missing in API response"
Traceback (most recent call last):
  File "c:\Users\mimiv\OneDrive\Dokumente\GitHub\labs-python\lab7\lab7.py", line 42, in wrapper
    result = func(*args, **kwargs)
             ^^^^^^^^^^^^^^^^^^^^^
  File "c:\Users\mimiv\OneDrive\Dokumente\GitHub\labs-python\lab7\lab7.py", line 94, in get_currencies
    raise KeyError(f"Currency {code!r} is missing in API response")
KeyError: "Currency 'RUB' is missing in API response"
2025-12-12 06:26:41,696 | INFO | currency | starting func get_currencies with args (['USD'],) {'url': 'https://thiswebsitedoesnotexist123456789.com'}
2025-12-12 06:26:41,740 | ERROR | currency | ERROR: ConnectionError API is unavailable at https://thiswebsitedoesnotexist123456789.com: HTTPSConnectionPool(host='thiswebsitedoesnotexist123456789.com', port=443): Max retries exceeded with url: / (Caused by NameResolutionError("<urllib3.connection.HTTPSConnection object at 0x00000195AE5AAED0>: Failed to resolve 'thiswebsitedoesnotexist123456789.com' ([Errno 11001] getaddrinfo failed)"))
Traceback (most recent call last):
  File "C:\Users\mimiv\OneDrive\Dokumente\GitHub\labs-python\.venv\Lib\site-packages\urllib3\connection.py", line 198, in _new_conn
    sock = connection.create_connection(
           ^^^^^^^^^^^^^^^^^^^^^^^^^^^^^
  File "C:\Users\mimiv\OneDrive\Dokumente\GitHub\labs-python\.venv\Lib\site-packages\urllib3\util\connection.py", line 60, in create_connection
    for res in socket.getaddrinfo(host, port, family, socket.SOCK_STREAM):
               ^^^^^^^^^^^^^^^^^^^^^^^^^^^^^^^^^^^^^^^^^^^^^^^^^^^^^^^^^^
  File "C:\Program Files\WindowsApps\PythonSoftwareFoundation.Python.3.11_3.11.2544.0_x64__qbz5n2kfra8p0\Lib\socket.py", line 962, in getaddrinfo
    for res in _socket.getaddrinfo(host, port, family, type, proto, flags):
               ^^^^^^^^^^^^^^^^^^^^^^^^^^^^^^^^^^^^^^^^^^^^^^^^^^^^^^^^^^^
socket.gaierror: [Errno 11001] getaddrinfo failed

The above exception was the direct cause of the following exception:

Traceback (most recent call last):
  File "C:\Users\mimiv\OneDrive\Dokumente\GitHub\labs-python\.venv\Lib\site-packages\urllib3\connectionpool.py", line 787, in urlopen
    response = self._make_request(
               ^^^^^^^^^^^^^^^^^^^
  File "C:\Users\mimiv\OneDrive\Dokumente\GitHub\labs-python\.venv\Lib\site-packages\urllib3\connectionpool.py", line 488, in _make_request
    raise new_e
  File "C:\Users\mimiv\OneDrive\Dokumente\GitHub\labs-python\.venv\Lib\site-packages\urllib3\connectionpool.py", line 464, in _make_request
    self._validate_conn(conn)
  File "C:\Users\mimiv\OneDrive\Dokumente\GitHub\labs-python\.venv\Lib\site-packages\urllib3\connectionpool.py", line 1093, in _validate_conn
    conn.connect()
  File "C:\Users\mimiv\OneDrive\Dokumente\GitHub\labs-python\.venv\Lib\site-packages\urllib3\connection.py", line 753, in connect
    self.sock = sock = self._new_conn()
                       ^^^^^^^^^^^^^^^^
  File "C:\Users\mimiv\OneDrive\Dokumente\GitHub\labs-python\.venv\Lib\site-packages\urllib3\connection.py", line 205, in _new_conn
    raise NameResolutionError(self.host, self, e) from e
urllib3.exceptions.NameResolutionError: <urllib3.connection.HTTPSConnection object at 0x00000195AE5AAED0>: Failed to resolve 'thiswebsitedoesnotexist123456789.com' ([Errno 11001] getaddrinfo failed)

The above exception was the direct cause of the following exception:

Traceback (most recent call last):
  File "C:\Users\mimiv\OneDrive\Dokumente\GitHub\labs-python\.venv\Lib\site-packages\requests\adapters.py", line 644, in send
    resp = conn.urlopen(
           ^^^^^^^^^^^^^
  File "C:\Users\mimiv\OneDrive\Dokumente\GitHub\labs-python\.venv\Lib\site-packages\urllib3\connectionpool.py", line 841, in urlopen
    retries = retries.increment(
              ^^^^^^^^^^^^^^^^^^
  File "C:\Users\mimiv\OneDrive\Dokumente\GitHub\labs-python\.venv\Lib\site-packages\urllib3\util\retry.py", line 519, in increment
    raise MaxRetryError(_pool, url, reason) from reason  # type: ignore[arg-type]
    ^^^^^^^^^^^^^^^^^^^^^^^^^^^^^^^^^^^^^^^^^^^^^^^^^^^
urllib3.exceptions.MaxRetryError: HTTPSConnectionPool(host='thiswebsitedoesnotexist123456789.com', port=443): Max retries exceeded with url: / (Caused by NameResolutionError("<urllib3.connection.HTTPSConnection object at 0x00000195AE5AAED0>: Failed to resolve 'thiswebsitedoesnotexist123456789.com' ([Errno 11001] getaddrinfo failed)"))

During handling of the above exception, another exception occurred:

Traceback (most recent call last):
  File "c:\Users\mimiv\OneDrive\Dokumente\GitHub\labs-python\lab7\lab7.py", line 76, in get_currencies
    response = requests.get(url)
               ^^^^^^^^^^^^^^^^^
  File "C:\Users\mimiv\OneDrive\Dokumente\GitHub\labs-python\.venv\Lib\site-packages\requests\api.py", line 73, in get
    return request("get", url, params=params, **kwargs)
           ^^^^^^^^^^^^^^^^^^^^^^^^^^^^^^^^^^^^^^^^^^^^
  File "C:\Users\mimiv\OneDrive\Dokumente\GitHub\labs-python\.venv\Lib\site-packages\requests\api.py", line 59, in request
    return session.request(method=method, url=url, **kwargs)
           ^^^^^^^^^^^^^^^^^^^^^^^^^^^^^^^^^^^^^^^^^^^^^^^^^
  File "C:\Users\mimiv\OneDrive\Dokumente\GitHub\labs-python\.venv\Lib\site-packages\requests\sessions.py", line 589, in request
    resp = self.send(prep, **send_kwargs)
           ^^^^^^^^^^^^^^^^^^^^^^^^^^^^^^
  File "C:\Users\mimiv\OneDrive\Dokumente\GitHub\labs-python\.venv\Lib\site-packages\requests\sessions.py", line 703, in send
    r = adapter.send(request, **kwargs)
        ^^^^^^^^^^^^^^^^^^^^^^^^^^^^^^^
  File "C:\Users\mimiv\OneDrive\Dokumente\GitHub\labs-python\.venv\Lib\site-packages\requests\adapters.py", line 677, in send
    raise ConnectionError(e, request=request)
requests.exceptions.ConnectionError: HTTPSConnectionPool(host='thiswebsitedoesnotexist123456789.com', port=443): Max retries exceeded with url: / (Caused by NameResolutionError("<urllib3.connection.HTTPSConnection object at 0x00000195AE5AAED0>: Failed to resolve 'thiswebsitedoesnotexist123456789.com' ([Errno 11001] getaddrinfo failed)"))

During handling of the above exception, another exception occurred:

Traceback (most recent call last):
  File "c:\Users\mimiv\OneDrive\Dokumente\GitHub\labs-python\lab7\lab7.py", line 42, in wrapper
    result = func(*args, **kwargs)
             ^^^^^^^^^^^^^^^^^^^^^
  File "c:\Users\mimiv\OneDrive\Dokumente\GitHub\labs-python\lab7\lab7.py", line 79, in get_currencies
    raise ConnectionError(f"API is unavailable at {url}: {e}")
ConnectionError: API is unavailable at https://thiswebsitedoesnotexist123456789.com: HTTPSConnectionPool(host='thiswebsitedoesnotexist123456789.com', port=443): Max retries exceeded with url: / (Caused by NameResolutionError("<urllib3.connection.HTTPSConnection object at 0x00000195AE5AAED0>: Failed to resolve 'thiswebsitedoesnotexist123456789.com' ([Errno 11001] getaddrinfo failed)"))
2025-12-12 06:31:10,926 | INFO | currency | starting func get_currencies with args (['USD', 'EUR', 'NGN', 'CNY'],) {}
2025-12-12 06:31:11,452 | INFO | currency | successfully finished! result {'USD': 79.3398, 'EUR': 92.9384, 'NGN': 54.5147, 'CNY': 11.1867}
2025-12-12 06:31:11,452 | INFO | currency | starting func get_currencies with args (['USD', 'EUR'],) {}
2025-12-12 06:31:11,907 | INFO | currency | successfully finished! result {'USD': 79.3398, 'EUR': 92.9384}
2025-12-12 06:31:11,908 | INFO | currency | starting func get_currencies with args (['USD', 'EUR'],) {}
2025-12-12 06:31:12,377 | INFO | currency | successfully finished! result {'USD': 79.3398, 'EUR': 92.9384}
2025-12-12 06:31:12,377 | INFO | currency | starting func get_currencies with args (['USD', 'EUR'],) {}
2025-12-12 06:31:12,908 | INFO | currency | successfully finished! result {'USD': 79.3398, 'EUR': 92.9384}
2025-12-12 06:31:12,908 | INFO | currency | starting func get_currencies with args (['RUB', 'FAKECURRENCY'],) {}
2025-12-12 06:31:13,471 | ERROR | currency | ERROR: KeyError "Currency 'RUB' is missing in API response"
Traceback (most recent call last):
  File "c:\Users\mimiv\OneDrive\Dokumente\GitHub\labs-python\lab7\lab7.py", line 42, in wrapper
    result = func(*args, **kwargs)
             ^^^^^^^^^^^^^^^^^^^^^
  File "c:\Users\mimiv\OneDrive\Dokumente\GitHub\labs-python\lab7\lab7.py", line 94, in get_currencies
    raise KeyError(f"Currency {code!r} is missing in API response")
KeyError: "Currency 'RUB' is missing in API response"
2025-12-12 06:31:13,471 | INFO | currency | starting func get_currencies with args (['USD'],) {'url': 'https://thiswebsitedoesnotexist123456789.com'}
2025-12-12 06:31:13,520 | ERROR | currency | ERROR: ConnectionError API is unavailable at https://thiswebsitedoesnotexist123456789.com: HTTPSConnectionPool(host='thiswebsitedoesnotexist123456789.com', port=443): Max retries exceeded with url: / (Caused by NameResolutionError("<urllib3.connection.HTTPSConnection object at 0x0000017A6D74AED0>: Failed to resolve 'thiswebsitedoesnotexist123456789.com' ([Errno 11001] getaddrinfo failed)"))
Traceback (most recent call last):
  File "C:\Users\mimiv\OneDrive\Dokumente\GitHub\labs-python\.venv\Lib\site-packages\urllib3\connection.py", line 198, in _new_conn
    sock = connection.create_connection(
           ^^^^^^^^^^^^^^^^^^^^^^^^^^^^^
  File "C:\Users\mimiv\OneDrive\Dokumente\GitHub\labs-python\.venv\Lib\site-packages\urllib3\util\connection.py", line 60, in create_connection
    for res in socket.getaddrinfo(host, port, family, socket.SOCK_STREAM):
               ^^^^^^^^^^^^^^^^^^^^^^^^^^^^^^^^^^^^^^^^^^^^^^^^^^^^^^^^^^
  File "C:\Program Files\WindowsApps\PythonSoftwareFoundation.Python.3.11_3.11.2544.0_x64__qbz5n2kfra8p0\Lib\socket.py", line 962, in getaddrinfo
    for res in _socket.getaddrinfo(host, port, family, type, proto, flags):
               ^^^^^^^^^^^^^^^^^^^^^^^^^^^^^^^^^^^^^^^^^^^^^^^^^^^^^^^^^^^
socket.gaierror: [Errno 11001] getaddrinfo failed

The above exception was the direct cause of the following exception:

Traceback (most recent call last):
  File "C:\Users\mimiv\OneDrive\Dokumente\GitHub\labs-python\.venv\Lib\site-packages\urllib3\connectionpool.py", line 787, in urlopen
    response = self._make_request(
               ^^^^^^^^^^^^^^^^^^^
  File "C:\Users\mimiv\OneDrive\Dokumente\GitHub\labs-python\.venv\Lib\site-packages\urllib3\connectionpool.py", line 488, in _make_request
    raise new_e
  File "C:\Users\mimiv\OneDrive\Dokumente\GitHub\labs-python\.venv\Lib\site-packages\urllib3\connectionpool.py", line 464, in _make_request
    self._validate_conn(conn)
  File "C:\Users\mimiv\OneDrive\Dokumente\GitHub\labs-python\.venv\Lib\site-packages\urllib3\connectionpool.py", line 1093, in _validate_conn
    conn.connect()
  File "C:\Users\mimiv\OneDrive\Dokumente\GitHub\labs-python\.venv\Lib\site-packages\urllib3\connection.py", line 753, in connect
    self.sock = sock = self._new_conn()
                       ^^^^^^^^^^^^^^^^
  File "C:\Users\mimiv\OneDrive\Dokumente\GitHub\labs-python\.venv\Lib\site-packages\urllib3\connection.py", line 205, in _new_conn
    raise NameResolutionError(self.host, self, e) from e
urllib3.exceptions.NameResolutionError: <urllib3.connection.HTTPSConnection object at 0x0000017A6D74AED0>: Failed to resolve 'thiswebsitedoesnotexist123456789.com' ([Errno 11001] getaddrinfo failed)

The above exception was the direct cause of the following exception:

Traceback (most recent call last):
  File "C:\Users\mimiv\OneDrive\Dokumente\GitHub\labs-python\.venv\Lib\site-packages\requests\adapters.py", line 644, in send
    resp = conn.urlopen(
           ^^^^^^^^^^^^^
  File "C:\Users\mimiv\OneDrive\Dokumente\GitHub\labs-python\.venv\Lib\site-packages\urllib3\connectionpool.py", line 841, in urlopen
    retries = retries.increment(
              ^^^^^^^^^^^^^^^^^^
  File "C:\Users\mimiv\OneDrive\Dokumente\GitHub\labs-python\.venv\Lib\site-packages\urllib3\util\retry.py", line 519, in increment
    raise MaxRetryError(_pool, url, reason) from reason  # type: ignore[arg-type]
    ^^^^^^^^^^^^^^^^^^^^^^^^^^^^^^^^^^^^^^^^^^^^^^^^^^^
urllib3.exceptions.MaxRetryError: HTTPSConnectionPool(host='thiswebsitedoesnotexist123456789.com', port=443): Max retries exceeded with url: / (Caused by NameResolutionError("<urllib3.connection.HTTPSConnection object at 0x0000017A6D74AED0>: Failed to resolve 'thiswebsitedoesnotexist123456789.com' ([Errno 11001] getaddrinfo failed)"))

During handling of the above exception, another exception occurred:

Traceback (most recent call last):
  File "c:\Users\mimiv\OneDrive\Dokumente\GitHub\labs-python\lab7\lab7.py", line 76, in get_currencies
    response = requests.get(url)
               ^^^^^^^^^^^^^^^^^
  File "C:\Users\mimiv\OneDrive\Dokumente\GitHub\labs-python\.venv\Lib\site-packages\requests\api.py", line 73, in get
    return request("get", url, params=params, **kwargs)
           ^^^^^^^^^^^^^^^^^^^^^^^^^^^^^^^^^^^^^^^^^^^^
  File "C:\Users\mimiv\OneDrive\Dokumente\GitHub\labs-python\.venv\Lib\site-packages\requests\api.py", line 59, in request
    return session.request(method=method, url=url, **kwargs)
           ^^^^^^^^^^^^^^^^^^^^^^^^^^^^^^^^^^^^^^^^^^^^^^^^^
  File "C:\Users\mimiv\OneDrive\Dokumente\GitHub\labs-python\.venv\Lib\site-packages\requests\sessions.py", line 589, in request
    resp = self.send(prep, **send_kwargs)
           ^^^^^^^^^^^^^^^^^^^^^^^^^^^^^^
  File "C:\Users\mimiv\OneDrive\Dokumente\GitHub\labs-python\.venv\Lib\site-packages\requests\sessions.py", line 703, in send
    r = adapter.send(request, **kwargs)
        ^^^^^^^^^^^^^^^^^^^^^^^^^^^^^^^
  File "C:\Users\mimiv\OneDrive\Dokumente\GitHub\labs-python\.venv\Lib\site-packages\requests\adapters.py", line 677, in send
    raise ConnectionError(e, request=request)
requests.exceptions.ConnectionError: HTTPSConnectionPool(host='thiswebsitedoesnotexist123456789.com', port=443): Max retries exceeded with url: / (Caused by NameResolutionError("<urllib3.connection.HTTPSConnection object at 0x0000017A6D74AED0>: Failed to resolve 'thiswebsitedoesnotexist123456789.com' ([Errno 11001] getaddrinfo failed)"))

During handling of the above exception, another exception occurred:

Traceback (most recent call last):
  File "c:\Users\mimiv\OneDrive\Dokumente\GitHub\labs-python\lab7\lab7.py", line 42, in wrapper
    result = func(*args, **kwargs)
             ^^^^^^^^^^^^^^^^^^^^^
  File "c:\Users\mimiv\OneDrive\Dokumente\GitHub\labs-python\lab7\lab7.py", line 79, in get_currencies
    raise ConnectionError(f"API is unavailable at {url}: {e}")
ConnectionError: API is unavailable at https://thiswebsitedoesnotexist123456789.com: HTTPSConnectionPool(host='thiswebsitedoesnotexist123456789.com', port=443): Max retries exceeded with url: / (Caused by NameResolutionError("<urllib3.connection.HTTPSConnection object at 0x0000017A6D74AED0>: Failed to resolve 'thiswebsitedoesnotexist123456789.com' ([Errno 11001] getaddrinfo failed)"))
2025-12-12 06:36:33,247 | INFO | currency | starting func get_currencies with args (['USD', 'EUR', 'NGN', 'CNY'],) {}
2025-12-12 06:36:33,874 | INFO | currency | successfully finished! result {'USD': 79.3398, 'EUR': 92.9384, 'NGN': 54.5147, 'CNY': 11.1867}
2025-12-12 06:36:33,874 | INFO | currency | starting func get_currencies with args (['USD', 'EUR'],) {}
2025-12-12 06:36:34,964 | INFO | currency | successfully finished! result {'USD': 79.3398, 'EUR': 92.9384}
2025-12-12 06:36:34,964 | INFO | currency | starting func get_currencies with args (['USD', 'EUR'],) {}
2025-12-12 06:36:36,185 | INFO | currency | successfully finished! result {'USD': 79.3398, 'EUR': 92.9384}
2025-12-12 06:36:36,185 | INFO | currency | starting func get_currencies with args (['USD', 'EUR'],) {}
2025-12-12 06:36:36,930 | INFO | currency | successfully finished! result {'USD': 79.3398, 'EUR': 92.9384}
2025-12-12 06:36:36,930 | INFO | currency | starting func get_currencies with args (['RUB', 'FAKECURRENCY'],) {}
2025-12-12 06:36:37,559 | ERROR | currency | ERROR: KeyError "Currency 'RUB' is missing in API response"
Traceback (most recent call last):
  File "c:\Users\mimiv\OneDrive\Dokumente\GitHub\labs-python\lab7\lab7.py", line 42, in wrapper
    result = func(*args, **kwargs)
             ^^^^^^^^^^^^^^^^^^^^^
  File "c:\Users\mimiv\OneDrive\Dokumente\GitHub\labs-python\lab7\lab7.py", line 94, in get_currencies
    raise KeyError(f"Currency {code!r} is missing in API response")
KeyError: "Currency 'RUB' is missing in API response"
2025-12-12 06:36:37,559 | INFO | currency | starting func get_currencies with args (['USD'],) {'url': 'https://thiswebsitedoesnotexist123456789.com'}
2025-12-12 06:36:37,607 | ERROR | currency | ERROR: ConnectionError API is unavailable at https://thiswebsitedoesnotexist123456789.com: HTTPSConnectionPool(host='thiswebsitedoesnotexist123456789.com', port=443): Max retries exceeded with url: / (Caused by NameResolutionError("<urllib3.connection.HTTPSConnection object at 0x00000217E653E450>: Failed to resolve 'thiswebsitedoesnotexist123456789.com' ([Errno 11001] getaddrinfo failed)"))
Traceback (most recent call last):
  File "C:\Users\mimiv\OneDrive\Dokumente\GitHub\labs-python\.venv\Lib\site-packages\urllib3\connection.py", line 198, in _new_conn
    sock = connection.create_connection(
           ^^^^^^^^^^^^^^^^^^^^^^^^^^^^^
  File "C:\Users\mimiv\OneDrive\Dokumente\GitHub\labs-python\.venv\Lib\site-packages\urllib3\util\connection.py", line 60, in create_connection
    for res in socket.getaddrinfo(host, port, family, socket.SOCK_STREAM):
               ^^^^^^^^^^^^^^^^^^^^^^^^^^^^^^^^^^^^^^^^^^^^^^^^^^^^^^^^^^
  File "C:\Program Files\WindowsApps\PythonSoftwareFoundation.Python.3.11_3.11.2544.0_x64__qbz5n2kfra8p0\Lib\socket.py", line 962, in getaddrinfo
    for res in _socket.getaddrinfo(host, port, family, type, proto, flags):
               ^^^^^^^^^^^^^^^^^^^^^^^^^^^^^^^^^^^^^^^^^^^^^^^^^^^^^^^^^^^
socket.gaierror: [Errno 11001] getaddrinfo failed

The above exception was the direct cause of the following exception:

Traceback (most recent call last):
  File "C:\Users\mimiv\OneDrive\Dokumente\GitHub\labs-python\.venv\Lib\site-packages\urllib3\connectionpool.py", line 787, in urlopen
    response = self._make_request(
               ^^^^^^^^^^^^^^^^^^^
  File "C:\Users\mimiv\OneDrive\Dokumente\GitHub\labs-python\.venv\Lib\site-packages\urllib3\connectionpool.py", line 488, in _make_request
    raise new_e
  File "C:\Users\mimiv\OneDrive\Dokumente\GitHub\labs-python\.venv\Lib\site-packages\urllib3\connectionpool.py", line 464, in _make_request
    self._validate_conn(conn)
  File "C:\Users\mimiv\OneDrive\Dokumente\GitHub\labs-python\.venv\Lib\site-packages\urllib3\connectionpool.py", line 1093, in _validate_conn
    conn.connect()
  File "C:\Users\mimiv\OneDrive\Dokumente\GitHub\labs-python\.venv\Lib\site-packages\urllib3\connection.py", line 753, in connect
    self.sock = sock = self._new_conn()
                       ^^^^^^^^^^^^^^^^
  File "C:\Users\mimiv\OneDrive\Dokumente\GitHub\labs-python\.venv\Lib\site-packages\urllib3\connection.py", line 205, in _new_conn
    raise NameResolutionError(self.host, self, e) from e
urllib3.exceptions.NameResolutionError: <urllib3.connection.HTTPSConnection object at 0x00000217E653E450>: Failed to resolve 'thiswebsitedoesnotexist123456789.com' ([Errno 11001] getaddrinfo failed)

The above exception was the direct cause of the following exception:

Traceback (most recent call last):
  File "C:\Users\mimiv\OneDrive\Dokumente\GitHub\labs-python\.venv\Lib\site-packages\requests\adapters.py", line 644, in send
    resp = conn.urlopen(
           ^^^^^^^^^^^^^
  File "C:\Users\mimiv\OneDrive\Dokumente\GitHub\labs-python\.venv\Lib\site-packages\urllib3\connectionpool.py", line 841, in urlopen
    retries = retries.increment(
              ^^^^^^^^^^^^^^^^^^
  File "C:\Users\mimiv\OneDrive\Dokumente\GitHub\labs-python\.venv\Lib\site-packages\urllib3\util\retry.py", line 519, in increment
    raise MaxRetryError(_pool, url, reason) from reason  # type: ignore[arg-type]
    ^^^^^^^^^^^^^^^^^^^^^^^^^^^^^^^^^^^^^^^^^^^^^^^^^^^
urllib3.exceptions.MaxRetryError: HTTPSConnectionPool(host='thiswebsitedoesnotexist123456789.com', port=443): Max retries exceeded with url: / (Caused by NameResolutionError("<urllib3.connection.HTTPSConnection object at 0x00000217E653E450>: Failed to resolve 'thiswebsitedoesnotexist123456789.com' ([Errno 11001] getaddrinfo failed)"))

During handling of the above exception, another exception occurred:

Traceback (most recent call last):
  File "c:\Users\mimiv\OneDrive\Dokumente\GitHub\labs-python\lab7\lab7.py", line 76, in get_currencies
    response = requests.get(url)
               ^^^^^^^^^^^^^^^^^
  File "C:\Users\mimiv\OneDrive\Dokumente\GitHub\labs-python\.venv\Lib\site-packages\requests\api.py", line 73, in get
    return request("get", url, params=params, **kwargs)
           ^^^^^^^^^^^^^^^^^^^^^^^^^^^^^^^^^^^^^^^^^^^^
  File "C:\Users\mimiv\OneDrive\Dokumente\GitHub\labs-python\.venv\Lib\site-packages\requests\api.py", line 59, in request
    return session.request(method=method, url=url, **kwargs)
           ^^^^^^^^^^^^^^^^^^^^^^^^^^^^^^^^^^^^^^^^^^^^^^^^^
  File "C:\Users\mimiv\OneDrive\Dokumente\GitHub\labs-python\.venv\Lib\site-packages\requests\sessions.py", line 589, in request
    resp = self.send(prep, **send_kwargs)
           ^^^^^^^^^^^^^^^^^^^^^^^^^^^^^^
  File "C:\Users\mimiv\OneDrive\Dokumente\GitHub\labs-python\.venv\Lib\site-packages\requests\sessions.py", line 703, in send
    r = adapter.send(request, **kwargs)
        ^^^^^^^^^^^^^^^^^^^^^^^^^^^^^^^
  File "C:\Users\mimiv\OneDrive\Dokumente\GitHub\labs-python\.venv\Lib\site-packages\requests\adapters.py", line 677, in send
    raise ConnectionError(e, request=request)
requests.exceptions.ConnectionError: HTTPSConnectionPool(host='thiswebsitedoesnotexist123456789.com', port=443): Max retries exceeded with url: / (Caused by NameResolutionError("<urllib3.connection.HTTPSConnection object at 0x00000217E653E450>: Failed to resolve 'thiswebsitedoesnotexist123456789.com' ([Errno 11001] getaddrinfo failed)"))

During handling of the above exception, another exception occurred:

Traceback (most recent call last):
  File "c:\Users\mimiv\OneDrive\Dokumente\GitHub\labs-python\lab7\lab7.py", line 42, in wrapper
    result = func(*args, **kwargs)
             ^^^^^^^^^^^^^^^^^^^^^
  File "c:\Users\mimiv\OneDrive\Dokumente\GitHub\labs-python\lab7\lab7.py", line 79, in get_currencies
    raise ConnectionError(f"API is unavailable at {url}: {e}")
ConnectionError: API is unavailable at https://thiswebsitedoesnotexist123456789.com: HTTPSConnectionPool(host='thiswebsitedoesnotexist123456789.com', port=443): Max retries exceeded with url: / (Caused by NameResolutionError("<urllib3.connection.HTTPSConnection object at 0x00000217E653E450>: Failed to resolve 'thiswebsitedoesnotexist123456789.com' ([Errno 11001] getaddrinfo failed)"))
2025-12-12 06:37:00,987 | INFO | currency | starting func get_currencies with args (['USD', 'EUR', 'NGN', 'CNY'],) {}
2025-12-12 06:37:01,479 | INFO | currency | successfully finished! result {'USD': 79.3398, 'EUR': 92.9384, 'NGN': 54.5147, 'CNY': 11.1867}
2025-12-12 06:37:01,479 | INFO | currency | starting func get_currencies with args (['USD', 'EUR'],) {}
2025-12-12 06:37:01,953 | INFO | currency | successfully finished! result {'USD': 79.3398, 'EUR': 92.9384}
2025-12-12 06:37:01,953 | INFO | currency | starting func get_currencies with args (['USD', 'EUR'],) {}
2025-12-12 06:37:02,430 | INFO | currency | successfully finished! result {'USD': 79.3398, 'EUR': 92.9384}
2025-12-12 06:37:02,430 | INFO | currency | starting func get_currencies with args (['USD', 'EUR'],) {}
2025-12-12 06:37:02,893 | INFO | currency | successfully finished! result {'USD': 79.3398, 'EUR': 92.9384}
2025-12-12 06:37:02,895 | INFO | currency | starting func get_currencies with args (['RUB', 'FAKECURRENCY'],) {}
2025-12-12 06:37:03,371 | ERROR | currency | ERROR: KeyError "Currency 'RUB' is missing in API response"
Traceback (most recent call last):
  File "c:\Users\mimiv\OneDrive\Dokumente\GitHub\labs-python\lab7\lab7.py", line 42, in wrapper
    result = func(*args, **kwargs)
             ^^^^^^^^^^^^^^^^^^^^^
  File "c:\Users\mimiv\OneDrive\Dokumente\GitHub\labs-python\lab7\lab7.py", line 94, in get_currencies
    raise KeyError(f"Currency {code!r} is missing in API response")
KeyError: "Currency 'RUB' is missing in API response"
2025-12-12 06:37:03,372 | INFO | currency | starting func get_currencies with args (['USD'],) {'url': 'https://thiswebsitedoesnotexist123456789.com'}
2025-12-12 06:37:03,415 | ERROR | currency | ERROR: ConnectionError API is unavailable at https://thiswebsitedoesnotexist123456789.com: HTTPSConnectionPool(host='thiswebsitedoesnotexist123456789.com', port=443): Max retries exceeded with url: / (Caused by NameResolutionError("<urllib3.connection.HTTPSConnection object at 0x000002294A6B2190>: Failed to resolve 'thiswebsitedoesnotexist123456789.com' ([Errno 11001] getaddrinfo failed)"))
Traceback (most recent call last):
  File "C:\Users\mimiv\OneDrive\Dokumente\GitHub\labs-python\.venv\Lib\site-packages\urllib3\connection.py", line 198, in _new_conn
    sock = connection.create_connection(
           ^^^^^^^^^^^^^^^^^^^^^^^^^^^^^
  File "C:\Users\mimiv\OneDrive\Dokumente\GitHub\labs-python\.venv\Lib\site-packages\urllib3\util\connection.py", line 60, in create_connection
    for res in socket.getaddrinfo(host, port, family, socket.SOCK_STREAM):
               ^^^^^^^^^^^^^^^^^^^^^^^^^^^^^^^^^^^^^^^^^^^^^^^^^^^^^^^^^^
  File "C:\Program Files\WindowsApps\PythonSoftwareFoundation.Python.3.11_3.11.2544.0_x64__qbz5n2kfra8p0\Lib\socket.py", line 962, in getaddrinfo
    for res in _socket.getaddrinfo(host, port, family, type, proto, flags):
               ^^^^^^^^^^^^^^^^^^^^^^^^^^^^^^^^^^^^^^^^^^^^^^^^^^^^^^^^^^^
socket.gaierror: [Errno 11001] getaddrinfo failed

The above exception was the direct cause of the following exception:

Traceback (most recent call last):
  File "C:\Users\mimiv\OneDrive\Dokumente\GitHub\labs-python\.venv\Lib\site-packages\urllib3\connectionpool.py", line 787, in urlopen
    response = self._make_request(
               ^^^^^^^^^^^^^^^^^^^
  File "C:\Users\mimiv\OneDrive\Dokumente\GitHub\labs-python\.venv\Lib\site-packages\urllib3\connectionpool.py", line 488, in _make_request
    raise new_e
  File "C:\Users\mimiv\OneDrive\Dokumente\GitHub\labs-python\.venv\Lib\site-packages\urllib3\connectionpool.py", line 464, in _make_request
    self._validate_conn(conn)
  File "C:\Users\mimiv\OneDrive\Dokumente\GitHub\labs-python\.venv\Lib\site-packages\urllib3\connectionpool.py", line 1093, in _validate_conn
    conn.connect()
  File "C:\Users\mimiv\OneDrive\Dokumente\GitHub\labs-python\.venv\Lib\site-packages\urllib3\connection.py", line 753, in connect
    self.sock = sock = self._new_conn()
                       ^^^^^^^^^^^^^^^^
  File "C:\Users\mimiv\OneDrive\Dokumente\GitHub\labs-python\.venv\Lib\site-packages\urllib3\connection.py", line 205, in _new_conn
    raise NameResolutionError(self.host, self, e) from e
urllib3.exceptions.NameResolutionError: <urllib3.connection.HTTPSConnection object at 0x000002294A6B2190>: Failed to resolve 'thiswebsitedoesnotexist123456789.com' ([Errno 11001] getaddrinfo failed)

The above exception was the direct cause of the following exception:

Traceback (most recent call last):
  File "C:\Users\mimiv\OneDrive\Dokumente\GitHub\labs-python\.venv\Lib\site-packages\requests\adapters.py", line 644, in send
    resp = conn.urlopen(
           ^^^^^^^^^^^^^
  File "C:\Users\mimiv\OneDrive\Dokumente\GitHub\labs-python\.venv\Lib\site-packages\urllib3\connectionpool.py", line 841, in urlopen
    retries = retries.increment(
              ^^^^^^^^^^^^^^^^^^
  File "C:\Users\mimiv\OneDrive\Dokumente\GitHub\labs-python\.venv\Lib\site-packages\urllib3\util\retry.py", line 519, in increment
    raise MaxRetryError(_pool, url, reason) from reason  # type: ignore[arg-type]
    ^^^^^^^^^^^^^^^^^^^^^^^^^^^^^^^^^^^^^^^^^^^^^^^^^^^
urllib3.exceptions.MaxRetryError: HTTPSConnectionPool(host='thiswebsitedoesnotexist123456789.com', port=443): Max retries exceeded with url: / (Caused by NameResolutionError("<urllib3.connection.HTTPSConnection object at 0x000002294A6B2190>: Failed to resolve 'thiswebsitedoesnotexist123456789.com' ([Errno 11001] getaddrinfo failed)"))

During handling of the above exception, another exception occurred:

Traceback (most recent call last):
  File "c:\Users\mimiv\OneDrive\Dokumente\GitHub\labs-python\lab7\lab7.py", line 76, in get_currencies
    response = requests.get(url)
               ^^^^^^^^^^^^^^^^^
  File "C:\Users\mimiv\OneDrive\Dokumente\GitHub\labs-python\.venv\Lib\site-packages\requests\api.py", line 73, in get
    return request("get", url, params=params, **kwargs)
           ^^^^^^^^^^^^^^^^^^^^^^^^^^^^^^^^^^^^^^^^^^^^
  File "C:\Users\mimiv\OneDrive\Dokumente\GitHub\labs-python\.venv\Lib\site-packages\requests\api.py", line 59, in request
    return session.request(method=method, url=url, **kwargs)
           ^^^^^^^^^^^^^^^^^^^^^^^^^^^^^^^^^^^^^^^^^^^^^^^^^
  File "C:\Users\mimiv\OneDrive\Dokumente\GitHub\labs-python\.venv\Lib\site-packages\requests\sessions.py", line 589, in request
    resp = self.send(prep, **send_kwargs)
           ^^^^^^^^^^^^^^^^^^^^^^^^^^^^^^
  File "C:\Users\mimiv\OneDrive\Dokumente\GitHub\labs-python\.venv\Lib\site-packages\requests\sessions.py", line 703, in send
    r = adapter.send(request, **kwargs)
        ^^^^^^^^^^^^^^^^^^^^^^^^^^^^^^^
  File "C:\Users\mimiv\OneDrive\Dokumente\GitHub\labs-python\.venv\Lib\site-packages\requests\adapters.py", line 677, in send
    raise ConnectionError(e, request=request)
requests.exceptions.ConnectionError: HTTPSConnectionPool(host='thiswebsitedoesnotexist123456789.com', port=443): Max retries exceeded with url: / (Caused by NameResolutionError("<urllib3.connection.HTTPSConnection object at 0x000002294A6B2190>: Failed to resolve 'thiswebsitedoesnotexist123456789.com' ([Errno 11001] getaddrinfo failed)"))

During handling of the above exception, another exception occurred:

Traceback (most recent call last):
  File "c:\Users\mimiv\OneDrive\Dokumente\GitHub\labs-python\lab7\lab7.py", line 42, in wrapper
    result = func(*args, **kwargs)
             ^^^^^^^^^^^^^^^^^^^^^
  File "c:\Users\mimiv\OneDrive\Dokumente\GitHub\labs-python\lab7\lab7.py", line 79, in get_currencies
    raise ConnectionError(f"API is unavailable at {url}: {e}")
ConnectionError: API is unavailable at https://thiswebsitedoesnotexist123456789.com: HTTPSConnectionPool(host='thiswebsitedoesnotexist123456789.com', port=443): Max retries exceeded with url: / (Caused by NameResolutionError("<urllib3.connection.HTTPSConnection object at 0x000002294A6B2190>: Failed to resolve 'thiswebsitedoesnotexist123456789.com' ([Errno 11001] getaddrinfo failed)"))
2025-12-12 06:37:23,444 | INFO | currency | starting func get_currencies with args (['USD', 'EUR', 'NGN', 'CNY'],) {}
2025-12-12 06:37:23,923 | INFO | currency | successfully finished! result {'USD': 79.3398, 'EUR': 92.9384, 'NGN': 54.5147, 'CNY': 11.1867}
2025-12-12 06:37:23,923 | INFO | currency | starting func get_currencies with args (['USD', 'EUR'],) {}
2025-12-12 06:37:24,373 | INFO | currency | successfully finished! result {'USD': 79.3398, 'EUR': 92.9384}
2025-12-12 06:37:24,373 | INFO | currency | starting func get_currencies with args (['USD', 'EUR'],) {}
2025-12-12 06:37:24,845 | INFO | currency | successfully finished! result {'USD': 79.3398, 'EUR': 92.9384}
2025-12-12 06:37:24,845 | INFO | currency | starting func get_currencies with args (['USD', 'EUR'],) {}
2025-12-12 06:37:25,357 | INFO | currency | successfully finished! result {'USD': 79.3398, 'EUR': 92.9384}
2025-12-12 06:37:25,359 | INFO | currency | starting func get_currencies with args (['RUB', 'FAKECURRENCY'],) {}
2025-12-12 06:37:25,811 | ERROR | currency | ERROR: KeyError "Currency 'RUB' is missing in API response"
Traceback (most recent call last):
  File "c:\Users\mimiv\OneDrive\Dokumente\GitHub\labs-python\lab7\lab7.py", line 42, in wrapper
    result = func(*args, **kwargs)
             ^^^^^^^^^^^^^^^^^^^^^
  File "c:\Users\mimiv\OneDrive\Dokumente\GitHub\labs-python\lab7\lab7.py", line 94, in get_currencies
    raise KeyError(f"Currency {code!r} is missing in API response")
KeyError: "Currency 'RUB' is missing in API response"
2025-12-12 06:37:25,813 | INFO | currency | starting func get_currencies with args (['USD'],) {'url': 'https://thiswebsitedoesnotexist123456789.com'}
2025-12-12 06:37:25,851 | ERROR | currency | ERROR: ConnectionError API is unavailable at https://thiswebsitedoesnotexist123456789.com: HTTPSConnectionPool(host='thiswebsitedoesnotexist123456789.com', port=443): Max retries exceeded with url: / (Caused by NameResolutionError("<urllib3.connection.HTTPSConnection object at 0x000001CBEC63FA50>: Failed to resolve 'thiswebsitedoesnotexist123456789.com' ([Errno 11001] getaddrinfo failed)"))
Traceback (most recent call last):
  File "C:\Users\mimiv\OneDrive\Dokumente\GitHub\labs-python\.venv\Lib\site-packages\urllib3\connection.py", line 198, in _new_conn
    sock = connection.create_connection(
           ^^^^^^^^^^^^^^^^^^^^^^^^^^^^^
  File "C:\Users\mimiv\OneDrive\Dokumente\GitHub\labs-python\.venv\Lib\site-packages\urllib3\util\connection.py", line 60, in create_connection
    for res in socket.getaddrinfo(host, port, family, socket.SOCK_STREAM):
               ^^^^^^^^^^^^^^^^^^^^^^^^^^^^^^^^^^^^^^^^^^^^^^^^^^^^^^^^^^
  File "C:\Program Files\WindowsApps\PythonSoftwareFoundation.Python.3.11_3.11.2544.0_x64__qbz5n2kfra8p0\Lib\socket.py", line 962, in getaddrinfo
    for res in _socket.getaddrinfo(host, port, family, type, proto, flags):
               ^^^^^^^^^^^^^^^^^^^^^^^^^^^^^^^^^^^^^^^^^^^^^^^^^^^^^^^^^^^
socket.gaierror: [Errno 11001] getaddrinfo failed

The above exception was the direct cause of the following exception:

Traceback (most recent call last):
  File "C:\Users\mimiv\OneDrive\Dokumente\GitHub\labs-python\.venv\Lib\site-packages\urllib3\connectionpool.py", line 787, in urlopen
    response = self._make_request(
               ^^^^^^^^^^^^^^^^^^^
  File "C:\Users\mimiv\OneDrive\Dokumente\GitHub\labs-python\.venv\Lib\site-packages\urllib3\connectionpool.py", line 488, in _make_request
    raise new_e
  File "C:\Users\mimiv\OneDrive\Dokumente\GitHub\labs-python\.venv\Lib\site-packages\urllib3\connectionpool.py", line 464, in _make_request
    self._validate_conn(conn)
  File "C:\Users\mimiv\OneDrive\Dokumente\GitHub\labs-python\.venv\Lib\site-packages\urllib3\connectionpool.py", line 1093, in _validate_conn
    conn.connect()
  File "C:\Users\mimiv\OneDrive\Dokumente\GitHub\labs-python\.venv\Lib\site-packages\urllib3\connection.py", line 753, in connect
    self.sock = sock = self._new_conn()
                       ^^^^^^^^^^^^^^^^
  File "C:\Users\mimiv\OneDrive\Dokumente\GitHub\labs-python\.venv\Lib\site-packages\urllib3\connection.py", line 205, in _new_conn
    raise NameResolutionError(self.host, self, e) from e
urllib3.exceptions.NameResolutionError: <urllib3.connection.HTTPSConnection object at 0x000001CBEC63FA50>: Failed to resolve 'thiswebsitedoesnotexist123456789.com' ([Errno 11001] getaddrinfo failed)

The above exception was the direct cause of the following exception:

Traceback (most recent call last):
  File "C:\Users\mimiv\OneDrive\Dokumente\GitHub\labs-python\.venv\Lib\site-packages\requests\adapters.py", line 644, in send
    resp = conn.urlopen(
           ^^^^^^^^^^^^^
  File "C:\Users\mimiv\OneDrive\Dokumente\GitHub\labs-python\.venv\Lib\site-packages\urllib3\connectionpool.py", line 841, in urlopen
    retries = retries.increment(
              ^^^^^^^^^^^^^^^^^^
  File "C:\Users\mimiv\OneDrive\Dokumente\GitHub\labs-python\.venv\Lib\site-packages\urllib3\util\retry.py", line 519, in increment
    raise MaxRetryError(_pool, url, reason) from reason  # type: ignore[arg-type]
    ^^^^^^^^^^^^^^^^^^^^^^^^^^^^^^^^^^^^^^^^^^^^^^^^^^^
urllib3.exceptions.MaxRetryError: HTTPSConnectionPool(host='thiswebsitedoesnotexist123456789.com', port=443): Max retries exceeded with url: / (Caused by NameResolutionError("<urllib3.connection.HTTPSConnection object at 0x000001CBEC63FA50>: Failed to resolve 'thiswebsitedoesnotexist123456789.com' ([Errno 11001] getaddrinfo failed)"))

During handling of the above exception, another exception occurred:

Traceback (most recent call last):
  File "c:\Users\mimiv\OneDrive\Dokumente\GitHub\labs-python\lab7\lab7.py", line 76, in get_currencies
    response = requests.get(url)
               ^^^^^^^^^^^^^^^^^
  File "C:\Users\mimiv\OneDrive\Dokumente\GitHub\labs-python\.venv\Lib\site-packages\requests\api.py", line 73, in get
    return request("get", url, params=params, **kwargs)
           ^^^^^^^^^^^^^^^^^^^^^^^^^^^^^^^^^^^^^^^^^^^^
  File "C:\Users\mimiv\OneDrive\Dokumente\GitHub\labs-python\.venv\Lib\site-packages\requests\api.py", line 59, in request
    return session.request(method=method, url=url, **kwargs)
           ^^^^^^^^^^^^^^^^^^^^^^^^^^^^^^^^^^^^^^^^^^^^^^^^^
  File "C:\Users\mimiv\OneDrive\Dokumente\GitHub\labs-python\.venv\Lib\site-packages\requests\sessions.py", line 589, in request
    resp = self.send(prep, **send_kwargs)
           ^^^^^^^^^^^^^^^^^^^^^^^^^^^^^^
  File "C:\Users\mimiv\OneDrive\Dokumente\GitHub\labs-python\.venv\Lib\site-packages\requests\sessions.py", line 703, in send
    r = adapter.send(request, **kwargs)
        ^^^^^^^^^^^^^^^^^^^^^^^^^^^^^^^
  File "C:\Users\mimiv\OneDrive\Dokumente\GitHub\labs-python\.venv\Lib\site-packages\requests\adapters.py", line 677, in send
    raise ConnectionError(e, request=request)
requests.exceptions.ConnectionError: HTTPSConnectionPool(host='thiswebsitedoesnotexist123456789.com', port=443): Max retries exceeded with url: / (Caused by NameResolutionError("<urllib3.connection.HTTPSConnection object at 0x000001CBEC63FA50>: Failed to resolve 'thiswebsitedoesnotexist123456789.com' ([Errno 11001] getaddrinfo failed)"))

During handling of the above exception, another exception occurred:

Traceback (most recent call last):
  File "c:\Users\mimiv\OneDrive\Dokumente\GitHub\labs-python\lab7\lab7.py", line 42, in wrapper
    result = func(*args, **kwargs)
             ^^^^^^^^^^^^^^^^^^^^^
  File "c:\Users\mimiv\OneDrive\Dokumente\GitHub\labs-python\lab7\lab7.py", line 79, in get_currencies
    raise ConnectionError(f"API is unavailable at {url}: {e}")
ConnectionError: API is unavailable at https://thiswebsitedoesnotexist123456789.com: HTTPSConnectionPool(host='thiswebsitedoesnotexist123456789.com', port=443): Max retries exceeded with url: / (Caused by NameResolutionError("<urllib3.connection.HTTPSConnection object at 0x000001CBEC63FA50>: Failed to resolve 'thiswebsitedoesnotexist123456789.com' ([Errno 11001] getaddrinfo failed)"))
2025-12-12 06:38:25,452 | INFO | currency | starting func get_currencies with args (['USD', 'EUR', 'NGN', 'CNY'],) {}
2025-12-12 06:38:26,730 | INFO | currency | successfully finished! result {'USD': 79.3398, 'EUR': 92.9384, 'NGN': 54.5147, 'CNY': 11.1867}
2025-12-12 06:38:26,730 | INFO | currency | starting func get_currencies with args (['USD', 'EUR'],) {}
2025-12-12 06:38:27,215 | INFO | currency | successfully finished! result {'USD': 79.3398, 'EUR': 92.9384}
2025-12-12 06:38:27,215 | INFO | currency | starting func get_currencies with args (['USD', 'EUR'],) {}
2025-12-12 06:38:27,857 | INFO | currency | successfully finished! result {'USD': 79.3398, 'EUR': 92.9384}
2025-12-12 06:38:27,857 | INFO | currency | starting func get_currencies with args (['USD', 'EUR'],) {}
2025-12-12 06:38:28,412 | INFO | currency | successfully finished! result {'USD': 79.3398, 'EUR': 92.9384}
2025-12-12 06:38:28,412 | INFO | currency | starting func get_currencies with args (['RUB', 'FAKECURRENCY'],) {}
2025-12-12 06:38:28,951 | ERROR | currency | ERROR: KeyError "Currency 'RUB' is missing in API response"
Traceback (most recent call last):
  File "c:\Users\mimiv\OneDrive\Dokumente\GitHub\labs-python\lab7\lab7.py", line 42, in wrapper
    result = func(*args, **kwargs)
             ^^^^^^^^^^^^^^^^^^^^^
  File "c:\Users\mimiv\OneDrive\Dokumente\GitHub\labs-python\lab7\lab7.py", line 94, in get_currencies
    raise KeyError(f"Currency {code!r} is missing in API response")
KeyError: "Currency 'RUB' is missing in API response"
2025-12-12 06:38:28,951 | INFO | currency | starting func get_currencies with args (['USD'],) {'url': 'https://thiswebsitedoesnotexist123456789.com'}
2025-12-12 06:38:28,983 | ERROR | currency | ERROR: ConnectionError API is unavailable at https://thiswebsitedoesnotexist123456789.com: HTTPSConnectionPool(host='thiswebsitedoesnotexist123456789.com', port=443): Max retries exceeded with url: / (Caused by NameResolutionError("<urllib3.connection.HTTPSConnection object at 0x0000017F932D2D50>: Failed to resolve 'thiswebsitedoesnotexist123456789.com' ([Errno 11001] getaddrinfo failed)"))
Traceback (most recent call last):
  File "C:\Users\mimiv\OneDrive\Dokumente\GitHub\labs-python\.venv\Lib\site-packages\urllib3\connection.py", line 198, in _new_conn
    sock = connection.create_connection(
           ^^^^^^^^^^^^^^^^^^^^^^^^^^^^^
  File "C:\Users\mimiv\OneDrive\Dokumente\GitHub\labs-python\.venv\Lib\site-packages\urllib3\util\connection.py", line 60, in create_connection
    for res in socket.getaddrinfo(host, port, family, socket.SOCK_STREAM):
               ^^^^^^^^^^^^^^^^^^^^^^^^^^^^^^^^^^^^^^^^^^^^^^^^^^^^^^^^^^
  File "C:\Program Files\WindowsApps\PythonSoftwareFoundation.Python.3.11_3.11.2544.0_x64__qbz5n2kfra8p0\Lib\socket.py", line 962, in getaddrinfo
    for res in _socket.getaddrinfo(host, port, family, type, proto, flags):
               ^^^^^^^^^^^^^^^^^^^^^^^^^^^^^^^^^^^^^^^^^^^^^^^^^^^^^^^^^^^
socket.gaierror: [Errno 11001] getaddrinfo failed

The above exception was the direct cause of the following exception:

Traceback (most recent call last):
  File "C:\Users\mimiv\OneDrive\Dokumente\GitHub\labs-python\.venv\Lib\site-packages\urllib3\connectionpool.py", line 787, in urlopen
    response = self._make_request(
               ^^^^^^^^^^^^^^^^^^^
  File "C:\Users\mimiv\OneDrive\Dokumente\GitHub\labs-python\.venv\Lib\site-packages\urllib3\connectionpool.py", line 488, in _make_request
    raise new_e
  File "C:\Users\mimiv\OneDrive\Dokumente\GitHub\labs-python\.venv\Lib\site-packages\urllib3\connectionpool.py", line 464, in _make_request
    self._validate_conn(conn)
  File "C:\Users\mimiv\OneDrive\Dokumente\GitHub\labs-python\.venv\Lib\site-packages\urllib3\connectionpool.py", line 1093, in _validate_conn
    conn.connect()
  File "C:\Users\mimiv\OneDrive\Dokumente\GitHub\labs-python\.venv\Lib\site-packages\urllib3\connection.py", line 753, in connect
    self.sock = sock = self._new_conn()
                       ^^^^^^^^^^^^^^^^
  File "C:\Users\mimiv\OneDrive\Dokumente\GitHub\labs-python\.venv\Lib\site-packages\urllib3\connection.py", line 205, in _new_conn
    raise NameResolutionError(self.host, self, e) from e
urllib3.exceptions.NameResolutionError: <urllib3.connection.HTTPSConnection object at 0x0000017F932D2D50>: Failed to resolve 'thiswebsitedoesnotexist123456789.com' ([Errno 11001] getaddrinfo failed)

The above exception was the direct cause of the following exception:

Traceback (most recent call last):
  File "C:\Users\mimiv\OneDrive\Dokumente\GitHub\labs-python\.venv\Lib\site-packages\requests\adapters.py", line 644, in send
    resp = conn.urlopen(
           ^^^^^^^^^^^^^
  File "C:\Users\mimiv\OneDrive\Dokumente\GitHub\labs-python\.venv\Lib\site-packages\urllib3\connectionpool.py", line 841, in urlopen
    retries = retries.increment(
              ^^^^^^^^^^^^^^^^^^
  File "C:\Users\mimiv\OneDrive\Dokumente\GitHub\labs-python\.venv\Lib\site-packages\urllib3\util\retry.py", line 519, in increment
    raise MaxRetryError(_pool, url, reason) from reason  # type: ignore[arg-type]
    ^^^^^^^^^^^^^^^^^^^^^^^^^^^^^^^^^^^^^^^^^^^^^^^^^^^
urllib3.exceptions.MaxRetryError: HTTPSConnectionPool(host='thiswebsitedoesnotexist123456789.com', port=443): Max retries exceeded with url: / (Caused by NameResolutionError("<urllib3.connection.HTTPSConnection object at 0x0000017F932D2D50>: Failed to resolve 'thiswebsitedoesnotexist123456789.com' ([Errno 11001] getaddrinfo failed)"))

During handling of the above exception, another exception occurred:

Traceback (most recent call last):
  File "c:\Users\mimiv\OneDrive\Dokumente\GitHub\labs-python\lab7\lab7.py", line 76, in get_currencies
    response = requests.get(url)
               ^^^^^^^^^^^^^^^^^
  File "C:\Users\mimiv\OneDrive\Dokumente\GitHub\labs-python\.venv\Lib\site-packages\requests\api.py", line 73, in get
    return request("get", url, params=params, **kwargs)
           ^^^^^^^^^^^^^^^^^^^^^^^^^^^^^^^^^^^^^^^^^^^^
  File "C:\Users\mimiv\OneDrive\Dokumente\GitHub\labs-python\.venv\Lib\site-packages\requests\api.py", line 59, in request
    return session.request(method=method, url=url, **kwargs)
           ^^^^^^^^^^^^^^^^^^^^^^^^^^^^^^^^^^^^^^^^^^^^^^^^^
  File "C:\Users\mimiv\OneDrive\Dokumente\GitHub\labs-python\.venv\Lib\site-packages\requests\sessions.py", line 589, in request
    resp = self.send(prep, **send_kwargs)
           ^^^^^^^^^^^^^^^^^^^^^^^^^^^^^^
  File "C:\Users\mimiv\OneDrive\Dokumente\GitHub\labs-python\.venv\Lib\site-packages\requests\sessions.py", line 703, in send
    r = adapter.send(request, **kwargs)
        ^^^^^^^^^^^^^^^^^^^^^^^^^^^^^^^
  File "C:\Users\mimiv\OneDrive\Dokumente\GitHub\labs-python\.venv\Lib\site-packages\requests\adapters.py", line 677, in send
    raise ConnectionError(e, request=request)
requests.exceptions.ConnectionError: HTTPSConnectionPool(host='thiswebsitedoesnotexist123456789.com', port=443): Max retries exceeded with url: / (Caused by NameResolutionError("<urllib3.connection.HTTPSConnection object at 0x0000017F932D2D50>: Failed to resolve 'thiswebsitedoesnotexist123456789.com' ([Errno 11001] getaddrinfo failed)"))

During handling of the above exception, another exception occurred:

Traceback (most recent call last):
  File "c:\Users\mimiv\OneDrive\Dokumente\GitHub\labs-python\lab7\lab7.py", line 42, in wrapper
    result = func(*args, **kwargs)
             ^^^^^^^^^^^^^^^^^^^^^
  File "c:\Users\mimiv\OneDrive\Dokumente\GitHub\labs-python\lab7\lab7.py", line 79, in get_currencies
    raise ConnectionError(f"API is unavailable at {url}: {e}")
ConnectionError: API is unavailable at https://thiswebsitedoesnotexist123456789.com: HTTPSConnectionPool(host='thiswebsitedoesnotexist123456789.com', port=443): Max retries exceeded with url: / (Caused by NameResolutionError("<urllib3.connection.HTTPSConnection object at 0x0000017F932D2D50>: Failed to resolve 'thiswebsitedoesnotexist123456789.com' ([Errno 11001] getaddrinfo failed)"))
2025-12-12 06:39:04,729 | INFO | currency | starting func get_currencies with args (['USD', 'EUR', 'NGN', 'CNY'],) {}
2025-12-12 06:39:05,195 | INFO | currency | successfully finished! result {'USD': 79.3398, 'EUR': 92.9384, 'NGN': 54.5147, 'CNY': 11.1867}
2025-12-12 06:39:05,195 | INFO | currency | starting func get_currencies with args (['USD', 'EUR'],) {}
2025-12-12 06:39:05,661 | INFO | currency | successfully finished! result {'USD': 79.3398, 'EUR': 92.9384}
2025-12-12 06:39:05,661 | INFO | currency | starting func get_currencies with args (['USD', 'EUR'],) {}
2025-12-12 06:39:06,212 | INFO | currency | successfully finished! result {'USD': 79.3398, 'EUR': 92.9384}
2025-12-12 06:39:06,212 | INFO | currency | starting func get_currencies with args (['USD', 'EUR'],) {}
2025-12-12 06:39:06,701 | INFO | currency | successfully finished! result {'USD': 79.3398, 'EUR': 92.9384}
2025-12-12 06:39:06,701 | INFO | currency | starting func get_currencies with args (['RUB', 'FAKECURRENCY'],) {}
2025-12-12 06:39:07,211 | ERROR | currency | ERROR: KeyError "Currency 'RUB' is missing in API response"
Traceback (most recent call last):
  File "c:\Users\mimiv\OneDrive\Dokumente\GitHub\labs-python\lab7\lab7.py", line 42, in wrapper
    result = func(*args, **kwargs)
             ^^^^^^^^^^^^^^^^^^^^^
  File "c:\Users\mimiv\OneDrive\Dokumente\GitHub\labs-python\lab7\lab7.py", line 94, in get_currencies
    raise KeyError(f"Currency {code!r} is missing in API response")
KeyError: "Currency 'RUB' is missing in API response"
2025-12-12 06:39:07,211 | INFO | currency | starting func get_currencies with args (['USD'],) {'url': 'https://thiswebsitedoesnotexist123456789.com'}
2025-12-12 06:39:07,259 | ERROR | currency | ERROR: ConnectionError API is unavailable at https://thiswebsitedoesnotexist123456789.com: HTTPSConnectionPool(host='thiswebsitedoesnotexist123456789.com', port=443): Max retries exceeded with url: / (Caused by NameResolutionError("<urllib3.connection.HTTPSConnection object at 0x000001D00A3425D0>: Failed to resolve 'thiswebsitedoesnotexist123456789.com' ([Errno 11001] getaddrinfo failed)"))
Traceback (most recent call last):
  File "C:\Users\mimiv\OneDrive\Dokumente\GitHub\labs-python\.venv\Lib\site-packages\urllib3\connection.py", line 198, in _new_conn
    sock = connection.create_connection(
           ^^^^^^^^^^^^^^^^^^^^^^^^^^^^^
  File "C:\Users\mimiv\OneDrive\Dokumente\GitHub\labs-python\.venv\Lib\site-packages\urllib3\util\connection.py", line 60, in create_connection
    for res in socket.getaddrinfo(host, port, family, socket.SOCK_STREAM):
               ^^^^^^^^^^^^^^^^^^^^^^^^^^^^^^^^^^^^^^^^^^^^^^^^^^^^^^^^^^
  File "C:\Program Files\WindowsApps\PythonSoftwareFoundation.Python.3.11_3.11.2544.0_x64__qbz5n2kfra8p0\Lib\socket.py", line 962, in getaddrinfo
    for res in _socket.getaddrinfo(host, port, family, type, proto, flags):
               ^^^^^^^^^^^^^^^^^^^^^^^^^^^^^^^^^^^^^^^^^^^^^^^^^^^^^^^^^^^
socket.gaierror: [Errno 11001] getaddrinfo failed

The above exception was the direct cause of the following exception:

Traceback (most recent call last):
  File "C:\Users\mimiv\OneDrive\Dokumente\GitHub\labs-python\.venv\Lib\site-packages\urllib3\connectionpool.py", line 787, in urlopen
    response = self._make_request(
               ^^^^^^^^^^^^^^^^^^^
  File "C:\Users\mimiv\OneDrive\Dokumente\GitHub\labs-python\.venv\Lib\site-packages\urllib3\connectionpool.py", line 488, in _make_request
    raise new_e
  File "C:\Users\mimiv\OneDrive\Dokumente\GitHub\labs-python\.venv\Lib\site-packages\urllib3\connectionpool.py", line 464, in _make_request
    self._validate_conn(conn)
  File "C:\Users\mimiv\OneDrive\Dokumente\GitHub\labs-python\.venv\Lib\site-packages\urllib3\connectionpool.py", line 1093, in _validate_conn
    conn.connect()
  File "C:\Users\mimiv\OneDrive\Dokumente\GitHub\labs-python\.venv\Lib\site-packages\urllib3\connection.py", line 753, in connect
    self.sock = sock = self._new_conn()
                       ^^^^^^^^^^^^^^^^
  File "C:\Users\mimiv\OneDrive\Dokumente\GitHub\labs-python\.venv\Lib\site-packages\urllib3\connection.py", line 205, in _new_conn
    raise NameResolutionError(self.host, self, e) from e
urllib3.exceptions.NameResolutionError: <urllib3.connection.HTTPSConnection object at 0x000001D00A3425D0>: Failed to resolve 'thiswebsitedoesnotexist123456789.com' ([Errno 11001] getaddrinfo failed)

The above exception was the direct cause of the following exception:

Traceback (most recent call last):
  File "C:\Users\mimiv\OneDrive\Dokumente\GitHub\labs-python\.venv\Lib\site-packages\requests\adapters.py", line 644, in send
    resp = conn.urlopen(
           ^^^^^^^^^^^^^
  File "C:\Users\mimiv\OneDrive\Dokumente\GitHub\labs-python\.venv\Lib\site-packages\urllib3\connectionpool.py", line 841, in urlopen
    retries = retries.increment(
              ^^^^^^^^^^^^^^^^^^
  File "C:\Users\mimiv\OneDrive\Dokumente\GitHub\labs-python\.venv\Lib\site-packages\urllib3\util\retry.py", line 519, in increment
    raise MaxRetryError(_pool, url, reason) from reason  # type: ignore[arg-type]
    ^^^^^^^^^^^^^^^^^^^^^^^^^^^^^^^^^^^^^^^^^^^^^^^^^^^
urllib3.exceptions.MaxRetryError: HTTPSConnectionPool(host='thiswebsitedoesnotexist123456789.com', port=443): Max retries exceeded with url: / (Caused by NameResolutionError("<urllib3.connection.HTTPSConnection object at 0x000001D00A3425D0>: Failed to resolve 'thiswebsitedoesnotexist123456789.com' ([Errno 11001] getaddrinfo failed)"))

During handling of the above exception, another exception occurred:

Traceback (most recent call last):
  File "c:\Users\mimiv\OneDrive\Dokumente\GitHub\labs-python\lab7\lab7.py", line 76, in get_currencies
    response = requests.get(url)
               ^^^^^^^^^^^^^^^^^
  File "C:\Users\mimiv\OneDrive\Dokumente\GitHub\labs-python\.venv\Lib\site-packages\requests\api.py", line 73, in get
    return request("get", url, params=params, **kwargs)
           ^^^^^^^^^^^^^^^^^^^^^^^^^^^^^^^^^^^^^^^^^^^^
  File "C:\Users\mimiv\OneDrive\Dokumente\GitHub\labs-python\.venv\Lib\site-packages\requests\api.py", line 59, in request
    return session.request(method=method, url=url, **kwargs)
           ^^^^^^^^^^^^^^^^^^^^^^^^^^^^^^^^^^^^^^^^^^^^^^^^^
  File "C:\Users\mimiv\OneDrive\Dokumente\GitHub\labs-python\.venv\Lib\site-packages\requests\sessions.py", line 589, in request
    resp = self.send(prep, **send_kwargs)
           ^^^^^^^^^^^^^^^^^^^^^^^^^^^^^^
  File "C:\Users\mimiv\OneDrive\Dokumente\GitHub\labs-python\.venv\Lib\site-packages\requests\sessions.py", line 703, in send
    r = adapter.send(request, **kwargs)
        ^^^^^^^^^^^^^^^^^^^^^^^^^^^^^^^
  File "C:\Users\mimiv\OneDrive\Dokumente\GitHub\labs-python\.venv\Lib\site-packages\requests\adapters.py", line 677, in send
    raise ConnectionError(e, request=request)
requests.exceptions.ConnectionError: HTTPSConnectionPool(host='thiswebsitedoesnotexist123456789.com', port=443): Max retries exceeded with url: / (Caused by NameResolutionError("<urllib3.connection.HTTPSConnection object at 0x000001D00A3425D0>: Failed to resolve 'thiswebsitedoesnotexist123456789.com' ([Errno 11001] getaddrinfo failed)"))

During handling of the above exception, another exception occurred:

Traceback (most recent call last):
  File "c:\Users\mimiv\OneDrive\Dokumente\GitHub\labs-python\lab7\lab7.py", line 42, in wrapper
    result = func(*args, **kwargs)
             ^^^^^^^^^^^^^^^^^^^^^
  File "c:\Users\mimiv\OneDrive\Dokumente\GitHub\labs-python\lab7\lab7.py", line 79, in get_currencies
    raise ConnectionError(f"API is unavailable at {url}: {e}")
ConnectionError: API is unavailable at https://thiswebsitedoesnotexist123456789.com: HTTPSConnectionPool(host='thiswebsitedoesnotexist123456789.com', port=443): Max retries exceeded with url: / (Caused by NameResolutionError("<urllib3.connection.HTTPSConnection object at 0x000001D00A3425D0>: Failed to resolve 'thiswebsitedoesnotexist123456789.com' ([Errno 11001] getaddrinfo failed)"))
2025-12-12 06:39:48,219 | INFO | currency | starting func get_currencies with args (['USD', 'EUR', 'NGN', 'CNY'],) {}
2025-12-12 06:39:48,710 | INFO | currency | successfully finished! result {'USD': 79.3398, 'EUR': 92.9384, 'NGN': 54.5147, 'CNY': 11.1867}
2025-12-12 06:39:48,710 | INFO | currency | starting func get_currencies with args (['USD', 'EUR'],) {}
2025-12-12 06:39:49,256 | INFO | currency | successfully finished! result {'USD': 79.3398, 'EUR': 92.9384}
2025-12-12 06:39:49,256 | INFO | currency | starting func get_currencies with args (['USD', 'EUR'],) {}
2025-12-12 06:39:49,827 | INFO | currency | successfully finished! result {'USD': 79.3398, 'EUR': 92.9384}
2025-12-12 06:39:49,828 | INFO | currency | starting func get_currencies with args (['USD', 'EUR'],) {}
2025-12-12 06:39:50,266 | INFO | currency | successfully finished! result {'USD': 79.3398, 'EUR': 92.9384}
2025-12-12 06:39:50,266 | INFO | currency | starting func get_currencies with args (['RUB', 'FAKECURRENCY'],) {}
2025-12-12 06:39:50,769 | ERROR | currency | ERROR: KeyError "Currency 'RUB' is missing in API response"
Traceback (most recent call last):
  File "c:\Users\mimiv\OneDrive\Dokumente\GitHub\labs-python\lab7\lab7.py", line 42, in wrapper
    result = func(*args, **kwargs)
             ^^^^^^^^^^^^^^^^^^^^^
  File "c:\Users\mimiv\OneDrive\Dokumente\GitHub\labs-python\lab7\lab7.py", line 94, in get_currencies
    raise KeyError(f"Currency {code!r} is missing in API response")
KeyError: "Currency 'RUB' is missing in API response"
2025-12-12 06:39:50,777 | INFO | currency | starting func get_currencies with args (['USD'],) {'url': 'https://thiswebsitedoesnotexist123456789.com'}
2025-12-12 06:39:50,810 | ERROR | currency | ERROR: ConnectionError API is unavailable at https://thiswebsitedoesnotexist123456789.com: HTTPSConnectionPool(host='thiswebsitedoesnotexist123456789.com', port=443): Max retries exceeded with url: / (Caused by NameResolutionError("<urllib3.connection.HTTPSConnection object at 0x000002DEFEF01A10>: Failed to resolve 'thiswebsitedoesnotexist123456789.com' ([Errno 11001] getaddrinfo failed)"))
Traceback (most recent call last):
  File "C:\Users\mimiv\OneDrive\Dokumente\GitHub\labs-python\.venv\Lib\site-packages\urllib3\connection.py", line 198, in _new_conn
    sock = connection.create_connection(
           ^^^^^^^^^^^^^^^^^^^^^^^^^^^^^
  File "C:\Users\mimiv\OneDrive\Dokumente\GitHub\labs-python\.venv\Lib\site-packages\urllib3\util\connection.py", line 60, in create_connection
    for res in socket.getaddrinfo(host, port, family, socket.SOCK_STREAM):
               ^^^^^^^^^^^^^^^^^^^^^^^^^^^^^^^^^^^^^^^^^^^^^^^^^^^^^^^^^^
  File "C:\Program Files\WindowsApps\PythonSoftwareFoundation.Python.3.11_3.11.2544.0_x64__qbz5n2kfra8p0\Lib\socket.py", line 962, in getaddrinfo
    for res in _socket.getaddrinfo(host, port, family, type, proto, flags):
               ^^^^^^^^^^^^^^^^^^^^^^^^^^^^^^^^^^^^^^^^^^^^^^^^^^^^^^^^^^^
socket.gaierror: [Errno 11001] getaddrinfo failed

The above exception was the direct cause of the following exception:

Traceback (most recent call last):
  File "C:\Users\mimiv\OneDrive\Dokumente\GitHub\labs-python\.venv\Lib\site-packages\urllib3\connectionpool.py", line 787, in urlopen
    response = self._make_request(
               ^^^^^^^^^^^^^^^^^^^
  File "C:\Users\mimiv\OneDrive\Dokumente\GitHub\labs-python\.venv\Lib\site-packages\urllib3\connectionpool.py", line 488, in _make_request
    raise new_e
  File "C:\Users\mimiv\OneDrive\Dokumente\GitHub\labs-python\.venv\Lib\site-packages\urllib3\connectionpool.py", line 464, in _make_request
    self._validate_conn(conn)
  File "C:\Users\mimiv\OneDrive\Dokumente\GitHub\labs-python\.venv\Lib\site-packages\urllib3\connectionpool.py", line 1093, in _validate_conn
    conn.connect()
  File "C:\Users\mimiv\OneDrive\Dokumente\GitHub\labs-python\.venv\Lib\site-packages\urllib3\connection.py", line 753, in connect
    self.sock = sock = self._new_conn()
                       ^^^^^^^^^^^^^^^^
  File "C:\Users\mimiv\OneDrive\Dokumente\GitHub\labs-python\.venv\Lib\site-packages\urllib3\connection.py", line 205, in _new_conn
    raise NameResolutionError(self.host, self, e) from e
urllib3.exceptions.NameResolutionError: <urllib3.connection.HTTPSConnection object at 0x000002DEFEF01A10>: Failed to resolve 'thiswebsitedoesnotexist123456789.com' ([Errno 11001] getaddrinfo failed)

The above exception was the direct cause of the following exception:

Traceback (most recent call last):
  File "C:\Users\mimiv\OneDrive\Dokumente\GitHub\labs-python\.venv\Lib\site-packages\requests\adapters.py", line 644, in send
    resp = conn.urlopen(
           ^^^^^^^^^^^^^
  File "C:\Users\mimiv\OneDrive\Dokumente\GitHub\labs-python\.venv\Lib\site-packages\urllib3\connectionpool.py", line 841, in urlopen
    retries = retries.increment(
              ^^^^^^^^^^^^^^^^^^
  File "C:\Users\mimiv\OneDrive\Dokumente\GitHub\labs-python\.venv\Lib\site-packages\urllib3\util\retry.py", line 519, in increment
    raise MaxRetryError(_pool, url, reason) from reason  # type: ignore[arg-type]
    ^^^^^^^^^^^^^^^^^^^^^^^^^^^^^^^^^^^^^^^^^^^^^^^^^^^
urllib3.exceptions.MaxRetryError: HTTPSConnectionPool(host='thiswebsitedoesnotexist123456789.com', port=443): Max retries exceeded with url: / (Caused by NameResolutionError("<urllib3.connection.HTTPSConnection object at 0x000002DEFEF01A10>: Failed to resolve 'thiswebsitedoesnotexist123456789.com' ([Errno 11001] getaddrinfo failed)"))

During handling of the above exception, another exception occurred:

Traceback (most recent call last):
  File "c:\Users\mimiv\OneDrive\Dokumente\GitHub\labs-python\lab7\lab7.py", line 76, in get_currencies
    response = requests.get(url)
               ^^^^^^^^^^^^^^^^^
  File "C:\Users\mimiv\OneDrive\Dokumente\GitHub\labs-python\.venv\Lib\site-packages\requests\api.py", line 73, in get
    return request("get", url, params=params, **kwargs)
           ^^^^^^^^^^^^^^^^^^^^^^^^^^^^^^^^^^^^^^^^^^^^
  File "C:\Users\mimiv\OneDrive\Dokumente\GitHub\labs-python\.venv\Lib\site-packages\requests\api.py", line 59, in request
    return session.request(method=method, url=url, **kwargs)
           ^^^^^^^^^^^^^^^^^^^^^^^^^^^^^^^^^^^^^^^^^^^^^^^^^
  File "C:\Users\mimiv\OneDrive\Dokumente\GitHub\labs-python\.venv\Lib\site-packages\requests\sessions.py", line 589, in request
    resp = self.send(prep, **send_kwargs)
           ^^^^^^^^^^^^^^^^^^^^^^^^^^^^^^
  File "C:\Users\mimiv\OneDrive\Dokumente\GitHub\labs-python\.venv\Lib\site-packages\requests\sessions.py", line 703, in send
    r = adapter.send(request, **kwargs)
        ^^^^^^^^^^^^^^^^^^^^^^^^^^^^^^^
  File "C:\Users\mimiv\OneDrive\Dokumente\GitHub\labs-python\.venv\Lib\site-packages\requests\adapters.py", line 677, in send
    raise ConnectionError(e, request=request)
requests.exceptions.ConnectionError: HTTPSConnectionPool(host='thiswebsitedoesnotexist123456789.com', port=443): Max retries exceeded with url: / (Caused by NameResolutionError("<urllib3.connection.HTTPSConnection object at 0x000002DEFEF01A10>: Failed to resolve 'thiswebsitedoesnotexist123456789.com' ([Errno 11001] getaddrinfo failed)"))

During handling of the above exception, another exception occurred:

Traceback (most recent call last):
  File "c:\Users\mimiv\OneDrive\Dokumente\GitHub\labs-python\lab7\lab7.py", line 42, in wrapper
    result = func(*args, **kwargs)
             ^^^^^^^^^^^^^^^^^^^^^
  File "c:\Users\mimiv\OneDrive\Dokumente\GitHub\labs-python\lab7\lab7.py", line 79, in get_currencies
    raise ConnectionError(f"API is unavailable at {url}: {e}")
ConnectionError: API is unavailable at https://thiswebsitedoesnotexist123456789.com: HTTPSConnectionPool(host='thiswebsitedoesnotexist123456789.com', port=443): Max retries exceeded with url: / (Caused by NameResolutionError("<urllib3.connection.HTTPSConnection object at 0x000002DEFEF01A10>: Failed to resolve 'thiswebsitedoesnotexist123456789.com' ([Errno 11001] getaddrinfo failed)"))
